"","Author","specName","Macro/micro","morphDes","spinose","structure","aperture","mph","mphRef","eco","ecoRef","geo","geoRef","mEn_CK1995","mSt_CK1995","latest","p95","p5","earliest","neptComp","treeComp","dateRef","mpSpcs","lnSpcs","Comments","Average Area (μm2)","log area","Approximate diameter","Morphospecies","mph_simplified","mph_keeled","mph_aperture"
"1","TA","Acarinina africana","Macroperforate","Umbilico-convex to weakly biconvex, low trochospiral","Non-spinose","Muricate","Umbilical-extraumbilical low arch sometimes with faint lip","NS-muricate, acarininiform","Berggren et al. (2006b)","Symbiotic SML","This study","Low to middle latitudes","Berggren et al. (2006b)",55.3,55.4,NA,NA,NA,NA,NA,0,"Berggren et al. (2006b)","t229","T108",NA,31501.9592454615,10.3578050211481,100.136831695382,"Acarinina africana","NS-muricate",FALSE,FALSE
"2","TA","Acarinina alticonica","Macroperforate","Biconvex to subspherical, moderate to high trochospiral","Non-spinose","Muricate","Umbilical-extraumbilical low arch bordered by distinct lip","NS-muricate, acarininiform","Berggren et al. (2006b)","Symbiotic SML","This study","Low to middle latitudes","Berggren et al. (2006b)",47,53.2,35.907513,44.88424825,52.1421223,52.186307,44.44444444,85.71428571,"Berggren et al. (2006b)","n246t247","N119","part of N119T120",76151.2728499934,11.2404770732196,155.691049818646,"Acarinina alticonica","NS-muricate",FALSE,FALSE
"3","TA","Acarinina angulosa","Macroperforate","Umbilico-convex, trochospiral","Non-spinose","Muricate","Interiomarginal umbilical low arch extending nearly to periphery","NS-muricate, acarininiform","Berggren et al. (2006b)","Symbiotic SML","This study","Low to middle latitudes","Berggren et al. (2006b)",46.4,55.7,35.83954,37.363607,55.5699072,56.244645,54.54545455,90,"Berggren et al. (2006b)","n231t232","T116",NA,126189.023326524,11.7455362469112,200.417598161213,"Acarinina angulosa","NS-muricate",FALSE,FALSE
"4","TA","Acarinina aspensis","Macroperforate","Umbilico-convex, low trochospiral","Non-spinose","Muricate","Interiomarginal umbilical-extraumbilical opening extending to peripheral margin","NS-muricate, acarininiform","Berggren et al. (2006b)","Symbiotic SML","This study","Low latitudes","Berggren et al. (2006b)",48.7,50.4,44.915447,46.094777,49.33238235,50.623515,85.71428571,100,"Berggren et al. (2006b)","t243","T111",NA,104685.852605777,11.5587192645747,182.544629688189,"Acarinina aspensis","NS-muricate",FALSE,FALSE
"5","TA","Acarinina boudreauxi","Macroperforate","Planoconvex umbilico-convex, low trochospiral","Non-spinose","Muricate","Umbilical-extraumbilical low arch","NS-muricate, acarininiform","Berggren et al. (2006b)","Symbiotic SML","This study","Probably widespread currently only known from Indian Ocean","Berggren et al. (2006b)",43.7,49.8,NA,NA,NA,NA,NA,0,"Berggren et al. (2006b)","n259n261t262","N133T135",NA,63303.7777651453,11.0557002866855,141.951464576549,"Acarinina boudreauxi","NS-muricate",FALSE,FALSE
"6","TA","Acarinina bullbrooki","Macroperforate","Umbilico-convex, low trochospiral, quadrate","Non-spinose","Muricate","Umbilical-extraumbilical low rimmed opening extending toward but not reaching periphery","NS-muricate, acarininiform","Berggren et al. (2006b)","Symbiotic SML","Boersma (1984);  Pearson et al. (1993, 2001a)","Cosmopolitan","Berggren et al. (2006b)",40.5,49,22.484285,36.134836,49.3609148,52.186307,90.32258065,100,"Berggren et al. (2006b)","t260","N133T135",NA,98270.633828863,11.4954805212071,176.86298162497,"Acarinina bullbrooki","NS-muricate",FALSE,FALSE
"7","TA","Acarinina coalingensis","Macroperforate","Trochospiral, globular","Non-spinose","Muricate","Interiomarginal umbilical-extraumbilical small slit","NS-muricate, acarininiform","Olsson et al. (1999)","Symbiotic SML","Pearson et al. (1993, 2001a)","Cosmopolitan","Olsson et al. (1999)",50.1,56.5,42.17815,42.4894399,55.7497603,56.564047,86.66666667,100,"Olsson et al. (1999)","n283t284","N126","part of N126T127",78413.3225162558,11.2697491219563,157.98650501053,"Acarinina coalingensis","NS-muricate",FALSE,FALSE
"8","TA","Acarinina collactea","Macroperforate","Biconvex, low trochospiral","Non-spinose","Muricate","Low-arched slit along base of last chamber","NS-muricate, acarininiform","Berggren et al. (2006b)","Symbiotic SML","Pearson et al. (1993, 2001a)","Cosmopolitan","Berggren et al. (2006b)",24.2,50.4,22.726151,28.02250455,49.87957585,54.197849,87.87878788,90.47619048,"Berggren et al. (2006b)","n238t239","N112T113","part of N110N112T113",30561.0602078657,10.3274819353444,98.630054224976,"Acarinina collactea","NS-muricate",FALSE,FALSE
"9","TA","Acarinina cuneicamerata","Macroperforate","Umbilico-convex, low trochospiral","Non-spinose","Muricate","Umbilical-extraumbilical extending almost to periphery bordered by distinct circumumbilical lip","NS-muricate, acarininiform","Berggren et al. (2006b)","Symbiotic SML","Boersma et al. (1987); Pearson et al. (2001a)","Equatorial Atlantic, Tethyan region and Indian Ocean","Berggren et al. (2006b)",44,50.4,45.434052,45.655122,50.1963914,51.333131,71.42857143,57.14285714,"Berggren et al. (2006b)","t233","T116",NA,120206.472446417,11.6969661469415,195.609070758424,"Acarinina cuneicamerata","NS-muricate",FALSE,FALSE
"10","TA","Acarinina echinata","Macroperforate","Biconvex, low trochospiral","Non-spinose","Muricate","Umbilical-extraumbilical low arch with narrow lip and two-three low-arched supplementary apertures along umbilical sutures","NS-muricate, acarininiform","Berggren et al. (2006b)","Symbiotic SML","This study","Low latitudes and southern middle to high latitudes","Berggren et al. (2006b)",28.95,43.2,18.66568,25.75641775,40.3566076,41.666905,58.33333333,61.53846154,"Berggren et al. (2006b)","t250","T121",NA,46213.3526123915,10.7410240528965,121.285477326107,"Acarinina echinata","NS-muricate",FALSE,FALSE
"11","TA","Acarinina esnaensis","Macroperforate","Umbilico-convex, low trochospiral","Non-spinose","Muricate","Interiomarginal umbilical-extraumbilical long low arch extending nearly to the periphery with very thin lip","NS-muricate, acarininiform","Berggren et al. (2006b)","Symbiotic SML","This study","Low to high latitudes","Berggren et al. (2006b)",51.2,56.3,20.939572,44.3714881,57.3381373,59.148387,45,100,"Berggren et al. (2006b)","n252t253","N128T129",NA,62192.0032354324,11.0379817051153,140.69942953478,"Acarinina esnaensis","NS-muricate",FALSE,FALSE
"12","TA","Acarinina esnehensis","Macroperforate","Umbilico-convex, low to moderately high spired trochospiral, subquadrate outline","Non-spinose","Muricate","Interiomarginal umbilical-extraumbilical long low arch extending with thin lip extending nearly to periphery","NS-muricate, acarininiform","Berggren et al. (2006b)","Symbiotic SML","This study","Low to high latitudes","Berggren et al. (2006b)",50.4,55.8,NA,NA,NA,NA,NA,0,"Berggren et al. (2006b)","n225n226","N104T105",NA,128652.037877975,11.7648666580662,202.36406680597,"Acarinina esnehensis","NS-muricate",FALSE,FALSE
"13","TA","Acarinina interposita","Macroperforate","Umbilico-convex, low trochospiral","Non-spinose","Muricate","Umbilical-extraumbilical arch with thin lip extending almost to periphery","NS-muricate, acarininiform","Berggren et al. (2006b)","Symbiotic SML","This study","Tethys (Egypt) and in the northern Caucasus","Berggren et al. (2006b)",50.4,54,46.204504,46.9212557,52.607762,53.161126,75,75,"Berggren et al. (2006b)","n235t236","N110","part of N110N112T113",80677.0061574412,11.2982088837624,160.250705607258,"Acarinina interposita","NS-muricate",FALSE,FALSE
"14","TA","Acarinina mcgowrani","Macroperforate","Moderate trochospiral","Non-spinose","Muricate","Umbilical-extraumbilical opening supplementary apertures frequently occur commonly with bullae","NS-muricate, acarininiform","Berggren et al. (2006b)","Symbiotic SML","Pearson et al. (1993); Wade & Kroon (2002) Wade (2004)","Low to middle latitudes","Berggren et al. (2006b)",38,49.25,NA,NA,NA,NA,NA,0,"Berggren et al. (2006b)","n266t280","N136T140","2 lineages N130N131N136N142N144T148 and T140",79368.5706717502,11.2818577335033,158.945904939684,"Acarinina mcgowrani","NS-muricate",FALSE,FALSE
"15","TA","Acarinina mckannai","Macroperforate","Umbilico-convex, trochospiral","Non-spinose","Muricate","Interiomarginal umbilical-extraumbilical elongate opening","NS-muricate, acarininiform","Olsson et al. (1999)","Symbiotic SML","Shackleton et al. (1985)","Low latitudes","Olsson et al. (1999)",56.3,59.1,45.245712,49.1821279,58.6582081,60.192765,87.5,100,"Olsson et al. (1999)","n222t223","N103","part of N103N109N115N117T118",43466.6666666667,10.6797496398066,117.625973829998,"Acarinina mckannai","NS-muricate",FALSE,FALSE
"16","TA","Acarinina medizzai","Macroperforate","Biconvex trochospiral, quadrate to subcircular outline","Non-spinose","Muricate","Umbilical-extraumbilical small indistinct low arch","NS-muricate, acarininiform","Berggren et al. (2006b)","Symbiotic SML","This study","Cosmopolitan","Berggren et al. (2006b)",28.65,42.5,38.226175,40.85370325,53.238228,56.395305,78.94736842,50,"Berggren et al. (2006b)","t240","T114",NA,21617.041007647,9.98123721816541,82.9512981379703,"Acarinina medizzai","NS-muricate",FALSE,FALSE
"17","TA","Acarinina nitida","Macroperforate","Umbilico-convex, trochospiral","Non-spinose","Muricate","Interiomarginal umbilical-extraumbilical narrow opening with slight lip","NS-muricate, acarininiform","Olsson et al. (1999)","Symbiotic SML","D'hondt et al. (1994)","Low to high southern latitudes","Olsson et al. (1999)",56.3,59.2,43.653507,49.07123475,56.96549425,59.427956,76.47058824,100,"Olsson et al. (1999)","n219n281n251t282","N99N125",NA,52472.2222222222,10.8680392080275,129.237870159509,"Acarinina nitida","NS-muricate",FALSE,FALSE
"18","TA","Acarinina pentacamerata","Macroperforate","Weakly biconvex, low trochospiral","Non-spinose","Muricate","Umbilical-extraumbilical low slit","NS-muricate, acarininiform","Berggren et al. (2006b)","Symbiotic SML","This study","Cosmopolitan","Berggren et al. (2006b)",47,52.3,8.101641,42.81368425,52.19613875,52.724678,28.88888889,100,"Berggren et al. (2006b)","n237n241t242","N110N112","part of N110N112T113",91823.315510521,11.4276215259568,170.962771120417,"Acarinina pentacamerata","NS-muricate",FALSE,FALSE
"19","TA","Acarinina praetopilensis","Macroperforate","Umbilico-convex, low trochospiral","Non-spinose","Muricate","Umbilical-extraumbilical opening with weak rim","NS-muricate, acarininiform","Berggren et al. (2006b)","Symbiotic SML","Boersma et al. (1987) Pearson et al. (1993)","Low to middle latitudes","Berggren et al. (2006b)",40,48.7,43.38355,43.6126493,52.81993935,53.494228,90.90909091,55.55555556,"Berggren et al. (2006b)","n267n275t276","N136N142N144T148","part of N130N131N136N142N144T148",112955.27720741,11.6347472424285,189.617460777612,"Acarinina praetopilensis","NS-muricate",FALSE,FALSE
"20","TA","Acarinina primitiva","Macroperforate","Sub-quadrate, trochospiral","Non-spinose","Muricate","Interiomarginal umbilical-extraumbilical asymmetrically placed","NS-muricate, acarininiform","Berggren et al. (2006b)","Symbiotic SML","This study","Middle to high latitudes, less commonly in low latitudes","Berggren et al. (2006b)",38.8,50.8,17.440699,26.8412296,51.83629675,56.11618,90,100,"Berggren et al. (2006b)","n285t286","N126T127",NA,53743.4521686504,10.8919771184511,130.79400652525,"Acarinina primitiva","NS-muricate",FALSE,FALSE
"21","TA","Acarinina pseudosubsphaerica","Macroperforate","Spiroconvex, high trochospiral","Non-spinose","Muricate","Umbilical slit or low broad arch","NS-muricate, acarininiform","Berggren et al. (2006b)","Symbiotic SML","Pearson et al. (1993)","Low to middle latitudes","Berggren et al. (2006b)",42.3,50.4,49.200319,49.70634585,57.3916706,58.614487,100,22.22222222,"Berggren et al. (2006b)","n248t249","N119T120",NA,52406.3252252948,10.8667825734306,129.156693275162,"Acarinina pseudosubsphaerica","NS-muricate",FALSE,FALSE
"22","TA","Acarinina pseudotopilensis","Macroperforate","Umbilico-convex to weakly biconvex, low trochospiral","Non-spinose","Muricate","Umbilical-extraumbilical low arch bordered by narrow continuous lip","NS-muricate, acarininiform","Berggren et al. (2006b)","Symbiotic SML","Boersma et al. (1987)","Low latitudes","Berggren et al. (2006b)",47.25,55.5,35.907513,43.6957,55.0344195,59.06231,76,100,"Berggren et al. (2006b)","n256n258n264t265","N130N131","part of N130N131N136N142N144T148",87001.9596240985,11.373685921798,166.413893247269,"Acarinina pseudotopilensis","NS-muricate",FALSE,FALSE
"23","TA","Acarinina punctocarinata","Macroperforate","Umbilico-convex, low trochospiral","Non-spinose","Muricate","Umbilical-extraumbilical low arch bordered by distinct lip","NS-muricate, acarininiform","Berggren et al. (2006b)","Symbiotic SML","This study","Cosmopolitan","Berggren et al. (2006b)",40.5,47,NA,NA,NA,NA,NA,0,"Berggren et al. (2006b)","t263","T134",NA,114300.448654326,11.6465857750099,190.743185466519,"Acarinina punctocarinata","NS-muricate",FALSE,FALSE
"24","TA","Acarinina quetra","Macroperforate","Umbilico-convex, low trochospiral","Non-spinose","Muricate","Umbilical-extraumbilical low extending towards (but not reaching) periphery","NS-muricate, acarininiform","Berggren et al. (2006b)","Symbiotic SML","This study","Low latitudes","Berggren et al. (2006b)",50.4,54,50.22795,50.22795,50.22795,50.22795,100,25,"Berggren et al. (2006b)","t257","T132",NA,134428.735030503,11.808789486529,206.857427585742,"Acarinina quetra","NS-muricate",FALSE,FALSE
"25","TA","Acarinina rohri","Macroperforate","Umbilico-convex, low trochospiral","Non-spinose","Muricate","Umbilical-extraumbilical low extending towards peripheral margin","NS-muricate, acarininiform","Berggren et al. (2006b)","Symbiotic SML","This study","Low latitudes","Berggren et al. (2006b)",38.2,42.8,36.817603,37.802145,48.17588395,48.402085,76.92307692,80,"Berggren et al. (2006b)","t279","T147",NA,139082.644047576,11.8428235969245,210.407653370605,"Acarinina rohri","NS-muricate",FALSE,FALSE
"26","TA","Acarinina sibaiyaensis","Macroperforate","Umbilico-convex, trochospiral almost planispiral","Non-spinose","Muricate","Umbilical-extraumbilical circular arch with lip to well-developed flange","NS-muricate, acarininiform","Berggren et al. (2006b)","Symbiotic SML","Kelly et al. (1998)","Low latitudes","Berggren et al. (2006b)",55.3,55.5,NA,NA,NA,NA,NA,0,"Berggren et al. (2006b)","n227t228","N106T107",NA,88204.2337323011,11.3874102423429,167.559779184198,"Acarinina sibaiyaensis","NS-muricate",FALSE,FALSE
"27","TA","Acarinina soldadoensis","Macroperforate","Umbilico-convex, low trochospiral","Non-spinose","Muricate","Large arcuate apertures of last-formed chambers with thin bordering lips","NS-muricate, acarininiform","Olsson et al. (1999)","Symbiotic SML","Pearson et al. (1993, 2001a)","Cosmopolitan","Olsson et al. (1999)",49,56.5,35.907513,43.650891,56.4230448,59.06231,64,100,"Olsson et al. (1999)","n224n230n234n244t245","N103N109N115N117T118",NA,103837.359992193,11.5505811078107,181.803350466212,"Acarinina soldadoensis","NS-muricate",FALSE,FALSE
"28","TA","Acarinina strabocella","Macroperforate","Biconvex, trochospiral","Non-spinose","Muricate","Interiomarginal umbilical-extraumbilical slit with lip","NS-muricate, acarininiform","Olsson et al. (1999)","Symbiotic SML","This study","Northern middle latitudes to the Southern Ocean","Olsson et al. (1999)",58.8,60.6,48.491699,51.8833024,59.421609,59.875417,75,50,"Olsson et al. (1999)","n217t218","N99","part of N99N125",35035.6470293747,10.4641213087196,105.603943194825,"Acarinina strabocella","NS-muricate",FALSE,FALSE
"29","TA","Acarinina subsphaerica","Macroperforate","Spiroconvex, trochospiral","Non-spinose","Muricate","Interiomarginal umbilical-extraumbilical semicircular arch","NS-muricate, acarininiform","Olsson et al. (1999)","Symbiotic SML","This study","Cosmopolitan","Olsson et al. (1999)",54.2,59.2,51.333131,52.060963,57.749184,60.361576,90,83.33333333,"Olsson et al. (1999)","n220t221","N102T100",NA,65005.1549546413,11.0822218527276,143.846388466904,"Acarinina subsphaerica","NS-muricate",FALSE,FALSE
"30","TA","Acarinina topilensis","Macroperforate","Umbilico-convex, trochospiral","Non-spinose","Muricate","Umbilical-extraumbilical arch with thin lip","NS-muricate, acarininiform","Berggren et al. (2006b)","Symbiotic SML","Pearson et al. (1993, 2001a)","Low to middle latitudes","Berggren et al. (2006b)",40.3,43.2,39.326508,40.1823065,46.7878145,47.460416,100,100,"Berggren et al. (2006b)","n277t278","N144N145T146","2 lineages N130N131N136N142N144T148 and N145T146",115450.78597962,11.656599622725,191.700616965627,"Acarinina topilensis","NS-muricate",FALSE,FALSE
"31","TA","Acarinina wilcoxensis","Macroperforate","Umbilico-convex, trochospiral","Non-spinose","Muricate","Umbilical-extraumbilical arch with thin lip","NS-muricate, acarininiform","Berggren et al. (2006b)","Symbiotic SML","This study","Low to high latitudes","Berggren et al. (2006b)",50.9,55.7,34.441414,43.5061228,54.2615432,54.95751,61.9047619,83.33333333,"Berggren et al. (2006b)","n254t255","N128T129",NA,106145.544374274,11.5725664914438,183.812883522053,"Acarinina wilcoxensis","NS-muricate",FALSE,FALSE
"32",NA,"Alicantina lozanoi","Macroperforate",NA,NA,NA,NA,NA,NA,NA,NA,NA,NA,42.76,52.3,NA,NA,NA,NA,NA,NA,NA,NA,NA,NA,NA,NA,NA,"Alicantina lozanoi",NA,FALSE,FALSE
"33",NA,"Alicantina prolata","Macroperforate",NA,NA,NA,NA,NA,NA,NA,NA,NA,NA,44.4,54,NA,NA,NA,NA,NA,NA,NA,NA,NA,NA,NA,NA,NA,"Alicantina prolata",NA,FALSE,FALSE
"34","TA","Astrorotalia palmerae","Macroperforate","Low trochospiral, keeled periphery with spines","Non-spinose","Weakly muricate","Umbilical-extraumbilical low slit bordered by thick lip extending to periphery","NS-keeled spines","Berggren et al. (2006a)","Symbiotic SML","This study","Low latitudes","Berggren et al. (2006a)",47.55,49.55,NA,NA,NA,NA,NA,0,"Berggren et al. (2006a)","t198","T357",NA,59115.4184304512,10.9872470565171,137.17515122027,"Astrorotalia palmerae","NS-keeled spines",FALSE,FALSE
"35","TA","Beella digitata","Macroperforate","Medium to high trochospiral, chambers digitate","Spinose","Irregularly cancellate","Interiomarginal umbilical-extraumbilical wide open arch bordered by a thick lip","S-clavate","Kennett & Srinivasan (1983)","Sub-thermocline","Coxall et al. (2007)","Low to middle latitudes","Kennett & Srinivasan (1983)",0,5.01,0.112986,0.3265898,4.2467068,6.066101,100,100,"FAD: NEPTUNE; LAD: Kennett & Srinivasan (1983)","n666t637","N292T299",NA,104157.874890857,11.5536630548807,182.083720583841,"Beella digitata","S-flat-clavate",FALSE,FALSE
"36","TA","Beella megastoma","Macroperforate","Trochospiral becoming streptospiral, chambers rounded to digitate","Spinose","Irregularly cancellate","Interiomarginal umbilical-extraumbilical wide open symmetrical arch bordered by a thin lip","S-clavate","Holmes (1984)","Sub-thermocline","This study","Low to middle latitudes","Holmes (1984)",0,0.28,0.185043,0.4722061,7.5207573,9.642836,70,100,"Bäckström et al. (2001)","t667","T294",NA,30142.8571428571,10.3137032634029,97.9528939153771,"Beella digitata","S-flat-clavate",FALSE,FALSE
"37","TA","Beella praedigitata","Macroperforate","Low to medium trochospiral, lobulate periphery","Spinose","Smooth","Interiomarginal umbilical semicircular arch bordered by a pronounced lip","S-clavate","Kennett & Srinivasan (1983)","Sub-thermocline","This study","Low to middle latitudes","Kennett & Srinivasan (1983)",0.8,12.4,0.087092,1.16864905,7.7527545,12.531058,92.30769231,92.30769231,"Chaisson & Pearson (1997)","n635t636","N292T299",NA,32656.63647683,10.3938033752085,101.955530698855,"Beella praedigitata","S-flat-clavate",FALSE,FALSE
"38","IF","Berggrenia pumilio","Microperforate","Trochospiral, lobulate",NA,"Microperforate","Umbilicial-extraumbilical with a thin lip",NA,NA,NA,NA,NA,NA,0,0,NA,NA,NA,NA,NA,NA,NA,NA,NA,NA,NA,NA,NA,"Berggrenia pumilio",NA,FALSE,FALSE
"39","PP_IF","Candeina nitida","Microperforate","Globular to hemispherical, relatively high trochospiral",NA,"Microperforate","Not visible",NA,NA,NA,NA,NA,NA,0,6.55,NA,NA,NA,NA,NA,NA,NA,"unknown",NA,NA,NA,NA,NA,"Candeina nitida",NA,FALSE,FALSE
"40",NA,"Candeina praenitida","Microperforate",NA,NA,NA,NA,NA,NA,NA,NA,NA,NA,6,8.7,NA,NA,NA,NA,NA,NA,NA,NA,NA,NA,NA,NA,NA,"Candeina praenitida",NA,FALSE,FALSE
"41","PP_IF","Cassigerinella chipolensis","Microperforate","Globular, biserial enrollment",NA,"Microperforate","interiomarginal, asymmetrical, highly arched to virguline in shape, surrounded by an irregular lip, commonly with laterally asymmetrical flanges",NA,"Pearson et al. (2018a), Spezzaferri (1994)",NA,NA,NA,NA,12.5,33.7,NA,NA,NA,NA,NA,NA,NA,"Cassigerinella eocaenica",NA,NA,12906.2024325812,9.46546328352551,64.095021861139,"Cassigerinella chipolensis",NA,FALSE,FALSE
"42","PP_IF","Cassigerinella eocaenica","Microperforate","Flattened, biserial enrollment",NA,"Microperforate","interiomarginal, asymmetrical, highly arched to virguline in shape, surrounded by an irregular lip with laterally asymmetrical flanges",NA,"Pearson et al. (2018a), Spezzaferri (1994)",NA,NA,NA,NA,15.8,37,NA,NA,NA,NA,NA,NA,NA,"unknown",NA,NA,5997.71788704202,8.6991343236983,43.6936253701479,"Cassigerinella eocaenica",NA,FALSE,FALSE
"43","IF","Cassigerinelloita amekiensis","Microperforate","Subglobular, triserial coiling axis",NA,"Microperforate","Interiomarginal, semicircular or low-arched, with or without a thin lip",NA,NA,NA,NA,NA,NA,43.95,49.98,NA,NA,NA,NA,NA,NA,NA,"unknown",NA,NA,NA,NA,NA,"Cassigerinelloita amekiensis",NA,FALSE,FALSE
"44","TA","Catapsydrax africanus","Macroperforate","Globular, low trochospiral with umbilical bulla","Spinose","Cancellate","Three-four infralaminial apertures with continous thickened imperforate rims","S-globular","Olsson et al. (2006c)","Sub-thermocline","Keller (1985)","Low to middle latitudes","Olsson et al. (2006c)",34.3,39,33.398001,33.77937475,40.64410225,41.025476,22.22222222,0,"Olsson et al. (2006c)","t455","T209",NA,64518.3603365393,11.0747051186574,143.306775609141,"Catapsydrax africanus","S-globular",FALSE,FALSE
"45","TA","Catapsydrax dissimilis","Macroperforate","Globular, low trochospiral with umbilical bulla","Spinose","Cancellate","One or more infralaminial apertures with thickened imperforate rims","S-globular","Kennett & Srinivasan (1983)","Sub-thermocline","Keller (1985); Pearson et al. (1997b); Wade et al. (2007); Pearson & Wade (2009).","Low to middle latitudes","Kennett & Srinivasan (1983)",17.62,39,14.610966,18.521414,33.1504013,40.315844,88.88888889,95.23809524,"Kennett & Srinivasan (1983)","t459","N212T213","part of N206N210N212T213",163578.696694244,12.0050494788666,228.185705789906,"Catapsydrax dissimilis","S-globular",FALSE,FALSE
"46","TA","Catapsydrax globiformis","Macroperforate","Nearly spherical, low trochosprial with umbilical bulla","Spinose","Cancellate","Three-four infralaminial apertures with continous thickened imperforate rims","S-spherical","Olsson et al. (2006c)","Sub-thermocline","Keller (1985)","Low to middle latitudes","Olsson et al. (2006c)",34.3,40.4,33.342301,33.8866036,42.4260738,42.560119,70,57.14285714,"Olsson et al. (2006c)","t457","T211",NA,68009.0508450816,11.1273960759641,147.132434337115,"Catapsydrax globiformis","S-spherical",FALSE,FALSE
"47","TA","Catapsydrax howei","Macroperforate","Globular, low trochospiral with umbilical bulla","Spinose","Cancellate","Three large circular infralaminial apertures with continous thickened imperforate rims","S-globular","Olsson et al. (2006c)","Sub-thermocline","Keller (1985)","Low to middle latitudes","Olsson et al. (2006c)",33.7,44.35,33.723719,33.8052134,44.942082,48.214832,68.75,66.66666667,"Olsson et al. (2006c)","n453t454","N207T208",NA,92544.1574582282,11.4354411875187,171.632515064901,"Catapsydrax howei","S-globular",FALSE,FALSE
"48",NA,"Catapsydrax indianus","Macroperforate",NA,NA,NA,NA,NA,NA,NA,NA,NA,NA,20.8,26.7,NA,NA,NA,NA,NA,NA,NA,NA,NA,NA,NA,NA,NA,"Catapsydrax indianus",NA,FALSE,FALSE
"49","TA","Catapsydrax parvulus","Macroperforate","Sub-globular, low trochospiral with umbilical bulla","Spinose","Cancellate","Interiomarginal umbilical covered by an arched bulla with a single infralaminal aperture on one side","S-globular","Kennett & Srinivasan (1983)","Sub-thermocline","Keller (1985)","Low latitudes","Kennett & Srinivasan (1983)",9.79,17.31,2.403209,8.94147955,17.0927147,19.561335,61.11111111,100,"Kennett & Srinivasan (1983)","t464","T214",NA,28042.4179184159,10.2414735684728,94.4784570996439,"Catapsydrax parvulus","S-globular",FALSE,FALSE
"50","TA","Catapsydrax unicavus","Macroperforate","Low trochospiral, lobulate","Spinose","Cancellate","Infralaminal associated with the bulla has a continuous thickened imperforate rim","S-globular","Olsson et al. (2006c)","Sub-thermocline","Poore & Matthews (1984); Pearson et al. (2001a)","Cosmopolitan","Olsson et al. (2006c)",10.2,55,0.330943,16.9814142,40.082068,49.382715,92,86.84210526,"Olsson et al. (2006c)","n452n456n458n460t461","N206N210N212T213",NA,91955.6724227812,11.4290619184264,171.085942212823,"Catapsydrax unicavus","S-globular",FALSE,FALSE
"51",NA,"Chiloguembelina adriatica","Microperforate",NA,NA,NA,NA,NA,NA,NA,NA,NA,NA,27.6,33.85,NA,NA,NA,NA,NA,NA,NA,NA,NA,NA,NA,NA,NA,"Chiloguembelina adriatica",NA,FALSE,FALSE
"52",NA,"Chiloguembelina andreae","Microperforate",NA,NA,NA,NA,NA,NA,NA,NA,NA,NA,30.25,33.85,NA,NA,NA,NA,NA,NA,NA,NA,NA,NA,NA,NA,NA,"Chiloguembelina andreae",NA,FALSE,FALSE
"53","IF","Chiloguembelina crinita","Microperforate","Biserial",NA,"Microperforate","Narrow lip, infolded on one side, and expanded into a distinct apertural flange on the opposite side",NA,NA,NA,NA,NA,NA,44.25,59.2,NA,NA,NA,NA,NA,NA,NA,"Chiloguembelina midwayensis",NA,NA,NA,NA,NA,"Chiloguembelina crinita",NA,FALSE,FALSE
"54","IF","Chiloguembelina cubensis","Microperforate","Biserial, elongate, subtriangular",NA,"Microperforate","low, moderately narrow to broad symmetrical arch centered or slightly off-center from the base of the final chamber, bordered on one side by a narrow collar that thickens away from its attachment point on the chamber face",NA,NA,NA,NA,NA,NA,23.73,43,NA,NA,NA,NA,NA,NA,NA,"Chiloguembelina ototara",NA,NA,NA,NA,NA,"Chiloguembelina cubensis",NA,FALSE,FALSE
"55","IF","Chiloguembelina midwayensis","Microperforate","Biserial, compressed, triangular",NA,"Microperforate","Aperture of each chamber exhibits only one distinct lateral flange",NA,NA,NA,NA,NA,NA,55.8,64.82,NA,NA,NA,NA,NA,NA,NA,"Chiloguembelina morsei",NA,NA,NA,NA,NA,"Chiloguembelina midwayensis",NA,FALSE,FALSE
"56","IF","Chiloguembelina morsei","Microperforate","Biserial, equally biconvex, triangular",NA,"Microperforate","Aperture of each chamber exhibits only one distinct lateral flange",NA,NA,NA,NA,NA,NA,62.53,64.94,NA,NA,NA,NA,NA,NA,NA,"Woodringina hornerstownensis",NA,NA,NA,NA,NA,"Chiloguembelina morsei",NA,FALSE,FALSE
"57","IF","Chiloguembelina ototara","Microperforate","Biserial, short to elongate, triangular",NA,"Microperforate","Aperture moderately narrow to broad symmetrical arch centered or slightly off-center, bordered on one side by a narrow lip",NA,NA,NA,NA,NA,NA,31.4,44.4,NA,NA,NA,NA,NA,NA,NA,"Chiloguembelina crinita",NA,NA,NA,NA,NA,"Chiloguembelina ototara",NA,FALSE,FALSE
"58","IF","Chiloguembelina parallela","Microperforate","Biserial, equally biconvex, subtriangular",NA,"Microperforate","High, narrow, and symmetrical arch bordered by two parallel lateral flanges, occasionally covered by irregularly shaped terminal chamber",NA,NA,NA,NA,NA,NA,53.45,54.82,NA,NA,NA,NA,NA,NA,NA,"Chiloguembelina trinitatensis",NA,NA,NA,NA,NA,"Chiloguembelina parallela",NA,FALSE,FALSE
"59","IF","Chiloguembelina subtriangularis","Microperforate","Biserial, compressed, triangular",NA,"Microperforate","Low, asymmetrically positioned, interiomarginal arch surrounded by a lip that narrows toward the center of the chamber.",NA,NA,NA,NA,NA,NA,59.82,62.22,NA,NA,NA,NA,NA,NA,NA,"Chiloguembelina midwayensis",NA,NA,NA,NA,NA,"Chiloguembelina subtriangularis",NA,FALSE,FALSE
"60","IF","Chiloguembelina trinitatensis","Microperforate","Biserial, compressed, triangular",NA,"Microperforate","Symmetrically centered, low-arched aperture which is surrounded by a narrow, equidimensional lip",NA,NA,NA,NA,NA,NA,54.2,55.9,NA,NA,NA,NA,NA,NA,NA,"Chiloguembelina wilcoxensis",NA,NA,NA,NA,NA,"Chiloguembelina trinitatensis",NA,FALSE,FALSE
"61","IF","Chiloguembelina wilcoxensis","Microperforate","Biserial, equally biconvex, subtriangular",NA,"Microperforate","Symmetrically centered, low-arched to semicircular aperture surrounded by an equidimensional lip",NA,NA,NA,NA,NA,NA,53.39,57.85,NA,NA,NA,NA,NA,NA,NA,"Chiloguembelina wilcoxensis",NA,NA,NA,NA,NA,"Chiloguembelina wilcoxensis",NA,FALSE,FALSE
"62","TA_IF","Ciperoella anguliofficinalis","Macroperforate","Moderately low trochosprial globular with lobulate outline","Spinose","Cancellate","Umbilical low round arch bordered by narrow lip","S-globular","Olsson et al. (2006a)","Asymbiotic SML","Douglas & Savin (1978)","Low to middle latitudes","Olsson et al. (2006a)",15.5,34.9,21.974635,23.744004,31.394891,33.126195,100,91.66666667,"Olsson et al. (2006a)","t520","T321",NA,36340.8142989176,10.5006967494844,107.552965850853,"Ciperoella anguliofficinalis","S-globular",FALSE,FALSE
"63","TA_IF","Ciperoella angulisuturalis","Macroperforate","Low trochospiral, deep angular U-shaped sutures on umbilical side","Spinose","Hispid","Interiomarginal umbilical low arch","S-globular","Kennett & Srinivasan (1983)","Symbiotic SML","Poore & Matthews (1984)","Low to middle latitudes","Kennett & Srinivasan (1983)",21.6,29.4,6.04093,21.34091355,29.6279588,30.952967,56,100,"FAD: Pearson (1998); LAD: Spezzaferri (1994)","t622","T282",NA,34019.9814086713,10.4347033194674,104.061983501031,"Ciperoella angulisuturalis","S-globular",FALSE,FALSE
"64","TA_IF","Ciperoella ciperoensis","Macroperforate","Low to medium trochospiral, chambers spherical","Spinose","Hispid","Umbilical circular opening","S-globular","Kennett & Srinivasan (1983)","Asymbiotic SML","D. R. M. Stewart unpublished data","Low to middle latitudes","Kennett & Srinivasan (1983)",23.68,30,0.074825,11.4628938,30.9734711,40.07728,85.36585366,100,"FAD: Pearson (1998); LAD: Kennett & Srinivasan (1983)","n620t621","N279T280",NA,47038.8501782495,10.7587291387842,122.363928698187,"Ciperoella ciperoensis","S-globular",FALSE,FALSE
"65","IF","Ciperoella fariasi","Macroperforate","High trochospiral, chambers globular","Spinose","Hispid","Umbilical circular opening",NA,NA,NA,NA,NA,NA,22.35,29.7,NA,NA,NA,NA,NA,NA,NA,"Ciperoella ciperoensis",NA,NA,NA,NA,NA,"Ciperoella fariasi",NA,FALSE,FALSE
"66","TA","Clavatorella bermudezi","Macroperforate","Low trochospiral, lobulate later chambers club-shaped","Spinose","Coarsely cancellate","Umbilical-extraumbilical interiormarginal elongate arch bordered by a distinct lip","S-clavate","Kennett & Srinivasan (1983)","Sub-thermocline","Pearson & Shackleton (1995); Coxall et al. (2000)","Low latitudes","Kennett & Srinivasan (1983)",12.4,15.76,2.377795,10.7980854,16.6122078,18.0456,64.70588235,100,"Kennett & Srinivasan (1983)","t672","T297",NA,197166.291401517,12.1918027704416,250.519419956411,"Clavatorella bermudezi","S-flat-clavate",FALSE,FALSE
"67","TA","Clavigerinella akersi","Macroperforate","Planispiral or pseudo-planispiral, evolute biumbilicate","Probably spinose","Weakly cancellate or smooth","Equatorial symmetrical high arch with a smooth broad imperforate lip","S-planispiral","Coxall & Pearson (2006)","Sub-thermocline","Coxall et al. (2000, 2007)","Low to middle latitudes","Coxall & Pearson (2006)",42.7,47.22,NA,NA,NA,NA,NA,0,"Coxall & Pearson (2006)","t374","T222",NA,243652.218260897,12.4034971525228,278.490412515502,"Clavigerinella akersi","S-planispiral",FALSE,FALSE
"68","TA","Clavigerinella caucasica","Macroperforate","Planispiral or pseudo-planispiral, evolute biumbilicate","Probably spinose","Weakly cancellate or smooth","Equatorial symmetrical distinctly pointed high arch with smooth broad imperforate lips","S-planispiral","Coxall & Pearson (2006)","Sub-thermocline","This study","Known only from Austria and Tanzania","Coxall & Pearson (2006)",44.45,44.6,NA,NA,NA,NA,NA,0,"Coxall & Pearson (2006)","n377t378","N223","part of N223N225N227T228",155477.70477212,11.9542576226506,222.463683575838,"Clavigerinella caucasica","S-planispiral",FALSE,FALSE
"69","TA","Clavigerinella colombiana","Macroperforate","Planispiral involute, biumbilicate","Probably spinose","Weakly cancellate or smooth","Equatorial symmetrical narrow arch with a smooth imperforate lip","S-planispiral","Coxall & Pearson (2006)","Sub-thermocline","Coxall et al. (2000)","Cosmopolitan on continental shelf settings","Coxall & Pearson (2006)",43.3,47.4,NA,NA,NA,NA,NA,0,"Coxall & Pearson (2006)","t370","T222",NA,139086.726081244,11.8428529461923,210.410741048543,"Clavigerinella colombiana","S-planispiral",FALSE,FALSE
"70","TA","Clavigerinella eocanica","Macroperforate","Planispiral or pseudo-planispiral, evolute biumbilicate","Probably spinose","Weakly cancellate or smooth","Equatorial symmetrical high arch with a smooth broad imperforate lip","S-planispiral","Coxall & Pearson (2006)","Sub-thermocline","Pearson et al. (1993); Coxall et al. (2000)","Low to middle latitudes","Coxall & Pearson (2006)",34,48.1,35.11468,35.2908056,39.8246032,39.949127,60,20,"Coxall & Pearson (2006)","n369n371n373n375t376","N220N221T362",NA,223471.109443223,12.3170374204443,266.707824055159,"Clavigerinella eocanica","S-planispiral",FALSE,FALSE
"71","TA","Clavigerinella jarvisi","Macroperforate","Planispiral or pseudo-planispiral, evolute biumbilicate, chambers digitate","Probably spinose","Weakly cancellate or smooth","Equatorial symmetrical high arch with a smooth broad imperforate lip","S-planispiral","Coxall & Pearson (2006)","Sub-thermocline","Coxall et al. (2000)","Low to middle latitudes","Coxall & Pearson (2006)",43.3,47.25,NA,NA,NA,NA,NA,0,"Coxall & Pearson (2006)","t372","T222",NA,326092.819021237,12.6949373407476,322.177851672025,"Clavigerinella jarvisi","S-planispiral",FALSE,FALSE
"72","TA","Cribrohantkenina inflata","Macroperforate","Planispiral biumilicate, chambers tubulospinose","Probably non-spinose","Smooth","Equatorial symmetrical low or high and narrow arch with an imperforate lip and one or more areal apertures on the final chamber","NS-tubulospinate","Coxall & Pearson (2006)","Asymbiotic SML","Wade & Pearson (2008)","Low to middle latitudes","Coxall & Pearson (2006)",33.7,36.4,34.30202,34.309301,35.4165,35.4165,100,50,"Coxall & Pearson (2006)","t399","T230",NA,184388.007930405,12.1247975550745,242.265403675356,"Cribrohantkenina inflata","NS-tubulospinate",FALSE,FALSE
"73","TA","Dentoglobigerina altispira","Macroperforate","High trochospiral","Non-spinose","Cancellate","Umbilically restricted with umbilical teeth projecting into umbilicus","NS-globular","Kennett & Srinivasan (1983)","Symbiotic SML","Pearson et al. (2001b)","Low latitudes","Kennett & Srinivasan (1983)",3.13,22.7,0.008995,3.2480534,17.7207244,50.551636,56.8627451,100,"FAD: B.S. Wade & P. N. Pearson in preparation ; LAD: Spezzaferri (1994)","t332","T176",NA,235040.560486882,12.3675133760495,273.524649816344,"Dentoglobigerina altispira","NS-globular",FALSE,FALSE
"74","TA","Dentoglobigerina baroemoenensis","Macroperforate","Low trochospiral, subquadrate periphery","Non-spinose","Cancellate","Interiomarginal umbilical covered with a distinct narrow protruding umbilical tooth","NS-globular","Kennett & Srinivasan (1983)","Thermocline","D. R. M. Stewart unpublished data","Low latitudes","Kennett & Srinivasan (1983)",5.33,30.6,3.268519,6.1908109,29.35970395,33.096402,100,100,"FAD: B.S. Wade & P. N. Pearson in preparation ; LAD: Chaisson & Pearson (1997)","t350","T178",NA,141594.07643541,11.8607196262835,212.29883267332,"Dentoglobigerina baroemoenensis","NS-globular",FALSE,FALSE
"75","TA_IF","Dentoglobigerina binaiensis","Macroperforate","Spiro-convex, low trochospiral, subquadrate","Non-spinose","Cancellate","Interiomarginal umbilical low arch with a very weak umbilical tooth","NS-globular","Kennett & Srinivasan (1983)","Sub-thermocline","Pearson & Shackleton (1995)","Low latitudes","Kennett & Srinivasan (1983)",16,25.9,9.335136,17.7660124,27.053077,30.338125,72.72727273,100,"FAD: B.S. Wade & P. N. Pearson in preparation ; LAD: Kennett & Srinivasan (1983)","t339","T170",NA,215357.290142706,12.280053742441,261.821226248321,"Dentoglobigerina binaiensis","NS-globular",FALSE,FALSE
"76",NA,"Dentoglobigerina cf. venezuelana","Macroperforate",NA,NA,NA,NA,NA,NA,NA,NA,NA,NA,33.7,35.5,NA,NA,NA,NA,NA,NA,NA,NA,NA,NA,NA,NA,NA,"Dentoglobigerina cf. venezuelana",NA,FALSE,FALSE
"77",NA,"Dentoglobigerina eotripartita","Macroperforate",NA,NA,NA,NA,NA,NA,NA,NA,NA,NA,31.3,38,NA,NA,NA,NA,NA,NA,NA,NA,NA,NA,NA,NA,NA,"Dentoglobigerina eotripartita",NA,FALSE,FALSE
"78","TA","Dentoglobigerina galavisi","Macroperforate","Trochospiral, globular oval in outline","Non-spinose","Cancellate","Umbilical bordered by thin irregular triangular-shaped lip","NS-globular","Olsson et al. (2006b)","Thermocline","Wade & Pearson (2008)","Low to middle latitudes","Olsson et al. (2006b)",23.35,40.3,17.80852,23.137204,39.13173355,41.666905,96,100,"FAD: Olsson et al. (2006b); LAD: B.S. Wade & P. N. Pearson in preparation","n287n325n327n333n349n351t352","N149N163N165N171N175N177","5 lineages N149N163, N165, N171, N175 and N177",112790.168415747,11.6332844548126,189.478826445244,"Dentoglobigerina galavisi","NS-globular",FALSE,FALSE
"79","TA","Dentoglobigerina globosa","Macroperforate","Trochospiral, periphery lobulate","Non-spinose","Cancellate","Interiomarginal umbilical covered by tooth-like projections","NS-globular","Kennett & Srinivasan (1983)","Thermocline","D. R. M. Stewart unpublished data","Low latitudes","Kennett & Srinivasan (1983)",3.13,28,0.008995,4.092477,25.381013,29.6605,86.66666667,92,"FAD: B.S. Wade & P. N. Pearson in preparation ; LAD: Kennett & Srinivasan (1983)","n330t331","T176",NA,451997.983863155,13.0214329983247,379.309144101198,"Dentoglobigerina globosa","NS-globular",FALSE,FALSE
"80","TA","Dentoglobigerina globularis","Macroperforate","Low trochospiral, profile subovate with lobate periphral margin, rounded","Non-spinose","Cancellate","Umbilical high arch displaying a triangular tooth","NS-globular","Spezzaferri (1994)","Thermocline","Pearson et al. (1997b); Wade et al. (2007); Wade & Pearson (2008)","Low to middle latitudes","Spezzaferri (1994)",23.45,34.05,3.268519,20.4659958,31.4119742,38.451499,47.22222222,93.75,"FAD: B.S. Wade & P. N. Pearson in preparation ; LAD: Spezzaferri (1994)","n328t329","T176",NA,110209.015040882,11.6101339785336,187.298208838448,"Dentoglobigerina globularis","NS-globular",FALSE,FALSE
"81","IF","Dentoglobigerina juxtabinaiensis","Macroperforate","trochospiral; 4 chambers in the final whorl, rapidly in size, arched final chamber accounts for half of the test; peripheral outline rounded; umbilical chambers wedge shaped, with final chamber semi-circular and flattened sutures distinct, incised, straight to slightly curved; dense and fused pustules concentrated around the periphery; spiral chambers ovoid, sutures weakly depressed, curved","Non-spinose","Cancellate","deep umbilical aperture bordered by a thin to broad lip, sometimes pustulose, with an imperforate area on the umbilical face",NA,"Fox & Wade (2013)",NA,NA,NA,NA,15.1,20.1,NA,NA,NA,NA,NA,NA,"Fox & Wade (2013)",NA,NA,NA,NA,NA,NA,"Dentoglobigerina juxtabinaiensis",NA,FALSE,FALSE
"82","TA","Dentoglobigerina larmeui","Macroperforate","Low trochospiral, compact, profile subtriangular, slightly lobulate","Non-spinose","Cancellate","Umbilical-extraumbilical low arch with a thick well-developed large asymmetrical tooth","NS-globular","Spezzaferri (1994)","Thermocline","Pearson & Wade (2009); Pearson et al. (1997b)","Cosmopolitan","Spezzaferri (1994)",8,31.4,3.236853,7.3328855,28.7244075,32.375473,83.33333333,94.11764706,"FAD: B.S. Wade & P. N. Pearson in preparation ; LAD: Spezzaferri (1994)","n353t354","N179T180",NA,130729.671503424,11.7808868937663,203.991536238882,"Dentoglobigerina larmeui","NS-globular",FALSE,FALSE
"83","TA","Dentoglobigerina prasaepis","Macroperforate","Large, low trochospiral, profile circular, slightly lobate","Non-spinose","Cancellate","Umbilical middle deep high arch embracing the three previous chambers","NS-globular","Spezzaferri (1994)","Sub-thermocline","D. R. M. Stewart unpublished data","Cosmopolitan","Spezzaferri (1994)",25.4,33.55,17.80852,23.1361885,34.4031225,36.860046,80,100,"FAD: Olsson et al. (2006b); LAD: B.S. Wade & P. N. Pearson in preparation","n342t343","N172T174","2 lineages N172 and T174",80429.475308642,11.2951359962991,160.004678466962,"Dentoglobigerina prasaepis","NS-globular",FALSE,FALSE
"84","TA","Dentoglobigerina pseudovenezuelana","Macroperforate","Globular, trochospiral, subcircular to subquadrate in outline","Non-spinose","Cancellate","Umbilical bordered by thin irregular subtriangular-shaped lip","NS-globular","Olsson et al. (2006b)","Thermocline","Wade & Pearson (2008)","Low latitudes","Olsson et al. (2006b)",31.6,40.3,27.03575,29.0377505,35.43213645,47.28963,52.38095238,100,"Kennett & Srinivasan (1983)","t326","T164",NA,139522.109692169,11.8459783601019,210.73980842792,"Dentoglobigerina pseudovenezuelana","NS-globular",FALSE,FALSE
"85","TA","Dentoglobigerina rohri","Macroperforate","Large, low trochospiral and streptospiral, profile circular and slightly lobate","Non-spinose","Cancellate","Umbilical low asymmetrical arch","NS-globular","Spezzaferri (1994)","Sub-thermocline","Pearson & Wade (2009); Poore & Matthews (1984)","Cosmopolitan","Spezzaferri (1994)",24.3,30,21.974635,22.9779235,31.316121,33.096402,100,100,"Spezzaferri (1994)","t345","T173",NA,214923.607967406,12.2780379321921,261.557468236552,"Dentoglobigerina rohri","NS-globular",FALSE,FALSE
"86","TA","Dentoglobigerina sellii","Macroperforate","Low trochospiral, compact, profile subcircular to subrectangular, slightly lobate","Non-spinose","Cancellate","Elongate narrow slit with thin but distinct tooth-like lip","NS-globular","Spezzaferri (1994)","Sub-thermocline","Van Eijden & Ganssen (1995)","Low to middle latitudes","Spezzaferri (1994)",16.3,32.8,2.377795,19.439012,34.3025678,41.428995,67.5,100,"B.S. Wade & P. N. Pearson in preparation","n337t338","N168T169","2 lineages N168 and T169",161559.11950855,11.9926264197278,226.772716486618,"Dentoglobigerina sellii","NS-globular",FALSE,FALSE
"87","TA","Dentoglobigerina sp","Macroperforate",NA,"Non-spinose","Cancellate",NA,"NS-globular","B. S. Wade & P. N. Pearson personal communication","Thermocline","This study",NA,NA,32.9,33.88,NA,NA,NA,NA,NA,0,"Spezzaferri (1994)","n334n340t341","N165",NA,NA,NA,NA,"Dentoglobigerina sp","NS-globular",FALSE,FALSE
"88",NA,"Dentoglobigerina taci","Macroperforate",NA,NA,NA,NA,NA,NA,NA,NA,NA,NA,33.4,34.05,NA,NA,NA,NA,NA,NA,NA,NA,NA,NA,NA,NA,NA,"Dentoglobigerina taci",NA,FALSE,FALSE
"89","TA","Dentoglobigerina tapuriensis","Macroperforate","Low trochospiral, profile subrectangular and slightly lobate","Non-spinose","Cancellate","Slighlty arched slit","NS-globular","Spezzaferri (1994)","Sub-thermocline","D. R. M. Stewart unpublished data","Cosmopolitan","Spezzaferri (1994)",23.85,34,0.330943,24.216218,34.405985,36.860046,43.24324324,100,"B.S. Wade & P. N. Pearson in preparation","n335t336","N165N166T167","2 lineages N165 and N166T167",303416.666666667,12.6228622773696,310.77407329591,"Dentoglobigerina tapuriensis","NS-globular",FALSE,FALSE
"90","IF","Dentoglobigerina tripartita","Macroperforate","Subglobular, moderate trochospiral","Non-spinose","Cancellate","Umbilical bordered by an irregular triangular shaped tooth covered in small pustules",NA,NA,NA,NA,NA,NA,11.55,32.85,NA,NA,NA,NA,NA,NA,NA,"Dentoglobigerina eotripartita",NA,NA,NA,NA,NA,"Dentoglobigerina tripartita",NA,FALSE,FALSE
"91","TA","Dentoglobigerina venezuelana","Macroperforate","Low trochospiral, equatorial periphery slightly lobate","Non-spinose","Cancellate","Interiomarginal umbilical low arch with umbilical teeth","NS-globular","Kennett & Srinivasan (1983)","Sub-thermocline","Gasperi & Kennett (1993); Pearson & Shackleton (1995); Pearson et al. (2001b); Wade et al. (2007); Wade & Pearson (2008); Coxall et al. (2007); Pearson & Wade (2009)","Low latitudes","Kennett & Srinivasan (1983)",2.2,33.5,0.008995,3.3455926,28.87631255,47.28963,85.41666667,100,"FAD: B.S. Wade & P. N. Pearson in preparation ; LAD: Chaisson & Pearson (1997)","n344n346t347","N172T174","2 lineages N172 and T174",205829.925662258,12.2348055031921,255.964255728747,"Dentoglobigerina venezuelana","NS-globular",FALSE,FALSE
"92","IF","Dipsidripella danvillensis","Microperforate","Low trochospiral, moderately lobate",NA,"Microperforate","High arch",NA,NA,NA,NA,NA,NA,31.7,43.64,NA,NA,NA,NA,NA,NA,NA,"benthic",NA,NA,NA,NA,NA,"Dipsidripella danvillensis",NA,FALSE,FALSE
"93",NA,"Dipsidripella liqianyui","Microperforate",NA,NA,NA,NA,NA,NA,NA,NA,NA,NA,32.6,42.7,NA,NA,NA,NA,NA,NA,NA,NA,NA,NA,NA,NA,NA,"Dipsidripella liqianyui",NA,FALSE,FALSE
"94","TA","Eoglobigerina edita","Macroperforate","Umbilico-convex, moderately elevated trochospiral","Spinose","Cancellate (weakly developed)","Umbilical-extraumbilical rounded arch bordered by narrow lip","S-globular","Olsson et al. (1999)","Thermocline","This study","Cosmopolitan","Olsson et al. (1999)",61.35,64.92,63.802742,63.92084375,64.97048725,65.188078,100,50,"Olsson et al.  (1999)","n480t481","T258",NA,25945.7452509278,10.1637629156494,90.8778697911459,"Eoglobigerina edita","S-globular",FALSE,FALSE
"95","TA","Eoglobigerina eobulloides","Macroperforate","Biconvex, trochospiral","Spinose","Cancellate (weakly developed)","Umbilical to slightly extraumbilical rounded arch bordered by narrow slightly flaring lip","S-globular","Olsson et al. (1999)","Thermocline","Berggren & Norris (1997); D'hondt & Zachos (1993)","Cosmopolitan","Olsson et al. (1999)",63.6,65,58.627553,59.0357688,64.8127321,65.255047,87.5,100,"Olsson et al.  (1999)","n477n478t479","N257T258","2 lineages N257 and T258",27024.2801529238,10.2044910058131,92.7474826595098,"Eoglobigerina eobulloides","S-globular",FALSE,FALSE
"96","TA","Eoglobigerina spiralis","Macroperforate","Biconvex, medium to high trochospiral","Spinose","Cancellate","Interiomarginal umbilical arch boardered by thin discontinuous lips","S-globular","Olsson et al. (1999)","Thermocline","This study","Cosmopolitan","Olsson et al. (1999)",61,61.78,53.209488,54.9713715,65.86288,65.967674,76.92307692,50,"Olsson et al.  (1999)","t482","T258",NA,27860.9974621678,10.2349830493551,94.1723469557253,"Eoglobigerina spiralis","S-globular",FALSE,FALSE
"97","TA","Fohsella fohsi","Macroperforate","Biconvex, low trochospiral, equatorial periphery lobulate with distinct keel","Non-spinose","Smooth","Interiomarginal umbilical-extraumbilical low arch with prominent lip","NS-turborotaliform, keeled","Kennett & Srinivasan (1983)","Thermocline","Keller (1985); Hodell & Vayavananda (1993); Pearson & Shackleton (1995)","Low latitudes","Kennett & Srinivasan (1983)",11.71,13.64,8.629792,10.12278815,13.9839248,23.581247,50,100,"Kennett & Srinivasan (1983)","n300t301","T154","part of N152T154",129347.658671312,11.7702590867261,202.910419914318,"Fohsella fohsi","NS-rotaliform",TRUE,FALSE
"98","TA","Fohsella lenguaensis","Macroperforate","Biconvex, low trochospiral, equatorial periphery almost circular but slightly lobulate","Non-spinose","Smooth","Interiomarginal umbilical-extraumbilical low slit with prominent wide lip","NS-turborotaliform, non-keeled","Kennett & Srinivasan (1983)","Thermocline","Keller (1985); Hodell & Vayavananda (1993)","Low latitudes","Kennett & Srinivasan (1983)",6.77,13.76,5.808825,6.4238511,11.5892276,13.515879,100,100,"Norris et al. (1993)","n307t309","T155",NA,63821.2495601,11.0638414790843,142.530469316503,"Fohsella lenguaensis","NS-rotaliform",FALSE,FALSE
"99","TA","Fohsella lobata","Macroperforate","Biconvex, low trochospiral, last few chambers distinctly lobulate with keel","Non-spinose","Smooth","Interiomarginal umbilical-extraumbilical slit with small flange-like lip","NS-turborotaliform, keeled","Kennett & Srinivasan (1983)","Thermocline","Keller (1985); Hodell & Vayavananda (1993); Pearson & Shackleton (1995)","Low latitudes","Kennett & Srinivasan (1983)",11.71,13.59,9.518935,9.9617626,16.4520428,23.581247,53.33333333,100,"Kennett & Srinivasan (1983)","n302t303","T154","part of N152T154",181736.111111111,12.1103109749303,240.516945023137,"Fohsella lobata","NS-rotaliform",TRUE,FALSE
"100","TA","Fohsella paralenguaensis","Macroperforate","Biconvex, low trochospiral, equatorial profile ovate","Non-spinose","Smooth","Interiomarginal umbilical-extraumbilical low arch with lip","NS-turborotaliform, non-keeled","Kennett & Srinivasan (1983)","Thermocline","Keller (1985); Hodell & Vayavananda (1993)","Low latitudes","Kennett & Srinivasan (1983)",9.01,13.72,7.145102,7.17644375,11.021824,11.260954,60,40,"Kennett & Srinivasan (1983)","t308","T155",NA,107372.241564931,11.5840569692237,184.87197189361,"Fohsella paralenguaensis","NS-rotaliform",FALSE,FALSE
"101","TA","Fohsella peripheroacuta","Macroperforate","Biconvex, low trochospiral, equatorial periphery slightly lobulate","Non-spinose","Smooth","Interiomarginal umbilical-extraumbilical low arch with prominent lip","NS-turborotaliform, non-keeled","Kennett & Srinivasan (1983)","Thermocline","Keller (1985); Hodell & Vayavananda (1993); Pearson & Shackleton (1995)","Low latitudes","Kennett & Srinivasan (1983)",13.64,14.02,0.313029,0.86298195,15.0884917,23.581247,54.16666667,100,"Kennett & Srinivasan (1983)","n297n305t306","N152","part of N152T154",83971.9734224882,11.3382383724197,163.490395139104,"Fohsella peripheroacuta","NS-rotaliform",FALSE,FALSE
"102","TA","Fohsella peripheroronda","Macroperforate","Umilico-convex, very low trochospiral, equatorial periphery slightly lobulate","Non-spinose","Smooth","Interiomarginal umbilical-extraumbilical low arch bordered by distinct lip","NS-turborotaliform, non-keeled","Kennett & Srinivasan (1983)","Thermocline","Keller (1985); Hodell & Vayavananda (1993); Pearson et al. (2001b); Coxall et al. (2007)","Low latitudes","Kennett & Srinivasan (1983)",13.81,22.22,0.008995,8.518191,17.4957794,56.599841,36.84210526,100,"Norris et al. (1993)","n293n295t296","N152","part of N152T154",98752.681371083,11.5003738355196,177.296234499139,"Fohsella peripheroronda","NS-rotaliform",FALSE,FALSE
"103","TA","Fohsella praefohsi","Macroperforate","Biconvex, low trochospiral, equatorial periphery lobulate with partly developed keel","Non-spinose","Smooth","Umbilical-extraumbilical low arch with prominent lip","NS-turborotaliform, keeled","Kennett & Srinivasan (1983)","Thermocline","Keller (1985); Hodell & Vayavananda (1993); Pearson & Shackleton (1995)","Low latitudes","Kennett & Srinivasan (1983)",13.51,13.81,8.83585,11.477272,14.3827934,17.50354,90,100,"Norris et al. (1993)","n298t299","N152","part of N152T154",76897.9026318448,11.2502338811536,156.452429302056,"Fohsella praefohsi","NS-rotaliform",TRUE,FALSE
"104","TA","Fohsella robusta","Macroperforate","Biconvex, trochospiral, equatorial periphery almost circular with thick keel","Non-spinose","Smooth","Interiomarginal umbilical-extraumbilical slit with an indistinct lip","NS-turborotaliform, keeled","Kennett & Srinivasan (1983)","Thermocline","Keller (1985); Hodell & Vayavananda (1993)","Low latitudes","Kennett & Srinivasan (1983)",11.71,13.51,9.535287,9.87690385,12.98147425,14.153238,100,100,"Kennett & Srinivasan (1983)","t304","T154","part of N152T154",249962.868480726,12.4290676597362,282.073841779548,"Fohsella robusta","NS-rotaliform",TRUE,FALSE
"105",NA,"Gallitellia vivans","Microperforate",NA,NA,NA,NA,NA,NA,NA,NA,NA,NA,0,3.6,NA,NA,NA,NA,NA,NA,NA,NA,NA,NA,NA,NA,NA,"Neogallitellia vivans",NA,FALSE,FALSE
"106","TA","Globanomalina archeocompressa","Macroperforate","Umbilico-convex, very low trochospiral","Non-spinose","Smooth","Umbilical-extraumbilical broad very low arch with continuous thin lip","NS-turborotaliform, non-keeled","Olsson et al. (1999)","Thermocline","This study","Western equatorial pacific, Gulf of Mexico, south Atlantic Ocean","Olsson et al. (1999)",62.73,64.99,59.875417,60.49583285,64.4819121,64.623194,100,100,"Olsson et al. (1999)","n16n4t3","N3","part of N1N3",27914.5418852717,10.2369030465502,94.2627956851138,"Globanomalina archeocompressa","NS-rotaliform",FALSE,FALSE
"107","TA","Globanomalina australiformis","Macroperforate","Biconvex to umbilico-convex, low trochospiral","Non-spinose","Smooth","Umbilical-extraumbilical low arch with thin lip","NS-turborotaliform, non-keeled","Olsson et al. (1999)","Thermocline","This study","Southern middle to high latitudes","Olsson et al. (1999)",44,55.46,29.519241,44.64904585,54.3603405,56.19414,57.14285714,92.30769231,"Olsson et al. (1999)","n33t34","N13T14",NA,29437.5089185584,10.2900249537246,96.8000522386256,"Globanomalina australiformis","NS-rotaliform",FALSE,FALSE
"108","TA","Globanomalina chapmani","Macroperforate","Biconvex, trochospiral","Non-spinose","Smooth","Umbilical-extraumbilical elongate high arch with lip","NS-turborotaliform, non-keeled","Olsson et al. (1999)","Thermocline","Olsson et al. (1999)","Cosmopolitan in middle to high latitudes","Olsson et al. (1999)",53.7,59.8,46.381679,48.10206355,59.25709105,62.81935,94.11764706,100,"Olsson et al. (1999)","n11t12","T12","part of N4T12",70656.25,11.1655818484604,149.968606367044,"Globanomalina chapmani","NS-rotaliform",FALSE,FALSE
"109","TA","Globanomalina compressa","Macroperforate","Biconvex, trochospiral, angular periphery","Non-spinose","Smooth","Umbilical-extraumbilical low arch bordered entirely by narrow well defined lip","NS-turborotaliform, non-keeled","Olsson et al. (1999)","Thermocline","Olsson et al. (1999)","Cosmopolitan","Olsson et al. (1999)",60.7,62.9,52.456936,54.2705131,64.74713875,65.255047,78.57142857,100,"Olsson et al. (1999)","n6t5","N4","part of N4T12",28145.8333333333,10.2451546060344,94.6525065958703,"Globanomalina compressa","NS-rotaliform",FALSE,FALSE
"110","TA","Globanomalina ehrenbergi","Macroperforate","Low trochospire, faintly keeled","Non-spinose","Smooth","Interiomarginal umbilical-extraumbilical low arch with lip","NS-turborotaliform, non-keeled","Olsson et al. (1999)","Thermocline","This study","Cosmopolitan in low to middle latitudes","Olsson et al. (1999)",59.2,61.2,55.524964,57.06723225,61.2348997,61.934411,85.71428571,100,"Olsson et al. (1999)","n10n8t7","N4","part of N4T12",28785.1506135278,10.2676149294578,95.7214605800356,"Globanomalina ehrenbergi","NS-rotaliform",FALSE,FALSE
"111","TA","Globanomalina imitata","Macroperforate","Umbilico-convex, very low trochospiral","Non-spinose","Smooth","Umbilical-extraumbilical high arch bordered by thin continuous lips","NS-turborotaliform, non-keeled","Olsson et al. (1999)","Thermocline","This study","Northern Caucasus, S.E. India, Atlantic and Gulf of Mexico coastal plains","Olsson et al. (1999)",55.46,61.48,52.463606,53.9719464,62.6482125,62.978024,100,100,"Olsson et al. (1999)","n20n32t19","N5","part of N5N6N8T9",24475.7441016107,10.1054378694539,88.2659125554554,"Globanomalina imitata","NS-rotaliform",FALSE,FALSE
"112","TA","Globanomalina luxorensis","Macroperforate","Biconvex, very low trochospiral","Non-spinose","Smooth","Umbilical-extraumbilical high arch with thin lip","NS-turborotaliform, non-keeled","Olsson & Hemleben (2006)","Asymbiotic SML","Olsson & Hemleben (2006)","Low to middle latitudes","Olsson & Hemleben (2006)",54,55.7,NA,NA,NA,NA,NA,0,"Olsson et al. (1999)","n24t23","N6","part of N5N6N8T9",78578.1569788837,11.2718490387636,158.152471382778,"Globanomalina luxorensis","NS-rotaliform",FALSE,FALSE
"113","TA","Globanomalina ovalis","Macroperforate","Biconvex, trochospiral","Non-spinose","Smooth","Interiomarginal umbilical-extraumbilical high arch with continuous thin lip","NS-turborotaliform, non-keeled","Olsson et al. (1999)","Asymbiotic SML","This study","Northern and southern middle latitudes","Olsson et al. (1999)",55.35,56.5,NA,NA,NA,NA,NA,0,"Olsson et al. (1999)","n22t21","N5N6","part of N5N6N8T9",44644.0154578653,10.7064755450229,119.208353227366,"Globanomalina ovalis","NS-rotaliform",FALSE,FALSE
"114","TA","Globanomalina planocompressa","Macroperforate","Umbilico-convex, low trochospiral","Non-spinose","Smooth","Umbilical-extraumbilical rounded arch with continuous lip","NS-turborotaliform, non-keeled","Olsson et al. (1999)","Thermocline","Olsson et al. (1999)","Northern hemisphere and middle to low latitudes","Olsson et al. (1999)",61.48,64.89,63.449058,63.5648293,64.8386506,64.864415,100,66.66666667,"Olsson et al. (1999)","n18t17","N3N5","2 lineages N1N3 and N5N6N8T9",29428.7946419335,10.2897288836077,96.7857234978382,"Globanomalina planocompressa","NS-rotaliform",FALSE,FALSE
"115","TA","Globanomalina planoconica","Macroperforate","Umbilico-convex, low trochospiral","Non-spinose","Smooth","Umbilical-extraumbilical high arch with thin continuous lip","NS-turborotaliform, non-keeled","Olsson et al. (1999)","Thermocline","This study","Low to middle latitudes","Olsson et al. (1999)",50.6,56.3,40.97676,46.0202602,55.9432588,56.19414,76.47058824,85.71428571,"Olsson et al. (1999)","n14t13","T12","part of N4T12",41723.8177482011,10.6388274137536,115.243670882973,"Globanomalina planoconica","NS-rotaliform",FALSE,FALSE
"116","TA","Globanomalina pseudomenardii","Macroperforate","Spiroconvex to biconvex trochospiral, keeled periphery","Non-spinose","Smooth","Interiomarginal umbilical-extraumbilical low arch with lip","NS-turborotaliform, keeled","Olsson et al. (1999)","Thermocline","Olsson et al. (1999)","Low to middle latitudes","Olsson et al. (1999)",55.9,59.4,52.956557,54.56988795,59.21277245,60.31828,100,100,"Olsson et al. (1999)","t9","T11",NA,97777.7777777778,11.4904526091182,176.418914280041,"Globanomalina pseudomenardii","NS-rotaliform",TRUE,FALSE
"117",NA,"Globigerina archaeobulloides","Macroperforate",NA,NA,NA,NA,NA,NA,NA,NA,NA,NA,24.4,33.6,NA,NA,NA,NA,NA,NA,NA,NA,NA,NA,NA,NA,NA,"Globigerina archaeobulloides",NA,FALSE,FALSE
"118","TA_IF","Globigerina bulloides","Macroperforate","Low trochospiral, chambers spherical to subspherical","Spinose","Hispid","Umbilical high symmetrical arch","S-globular","Kennett & Srinivasan (1983)","Asymbiotic SML","Vergnaud-Grazzini (1976); Durazzi (1981).","Middle latitudes, rare in low latitudes","Kennett & Srinivasan (1983)",0,28.1,0,0.33164145,13.2007384,56.599841,56.89655172,100,"Kennett & Srinivasan (1983); LAD: Stanley et al. (1988)","n653t654","T288","part of N285N286T288; N.b. this includes Globigerina praebulloides, as Paul reckons that it is a junior synonym",98083.8014490925,11.4935775090761,176.694775462474,"Globigerina bulloides","S-globular",FALSE,FALSE
"119","TA_IF","Globoturborotalita druryi","Macroperforate","Trochospiral, compact, sub-globular chambers","Spinose","Hispid","Umbilical small low arch bordered by a distinct rim","S-globular","Kennett & Srinivasan (1983)","Symbiotic SML","This study","Low latitudes","Kennett & Srinivasan (1983)",0.56,21.81,3.25468,5.63315015,15.95342355,23.581247,76.19047619,68.18181818,"Kennett & Srinivasan (1983)","t646","T373",NA,34357.3337135274,10.4445707745287,104.576665580479,"Globoturborotalita druryi","S-globular",FALSE,FALSE
"120","TA","Globigerina eamesi","Macroperforate","High trochospiral, subglobular chambers","Spinose","Hispid","Umbilical elongate slit with thin lip","S-globular","Kennett & Srinivasan (1983)","Symbiotic SML","This study","Middle latitudesrare in low latitudes","Kennett & Srinivasan (1983)",2.1,26.59,0.53515,1.82862715,20.8091888,23.241903,58.33333333,48,"Kennett & Srinivasan (1983)","n644t645","N291T372",NA,91192.5961102112,11.4207289897648,170.374601653667,"Globigerina eamesi","S-globular",FALSE,FALSE
"121","TA","Globigerina falconensis","Macroperforate","Low trochospiral, slightly compressed, spherical chambers","Spinose","Hispid","Interiomarginal umbilical elongate narrow arch","S-globular","Kennett & Srinivasan (1983)","Symbiotic SML","This study","High latitudes","Kennett & Srinivasan (1983)",0,18.4,0.003513,0.3162862,13.1464828,23.849439,83.33333333,94.73684211,"Olsson et al. (2006a)","t650","T288","part of N285N286T288",55668.9517928048,10.9271778520584,133.116406611427,"Globigerina falconensis","S-globular",FALSE,FALSE
"122","TA","Globigerina officinalis","Macroperforate","Low trochospiral, lobulate outline","Spinose","Hispid","Umbilical low to high arch bordered by imperforate rim","S-globular","Olsson et al. (2006a)","Symbiotic SML","Pearson et al. (2001a)","Low to middle latitudes","Olsson et al. (2006a)",20.9,43.5,16.711695,22.0572592,38.1338056,41.558228,96.15384615,90.47619048,"FAD: Olsson et al. (2006a); LAD: Pearson (1998)","n617n618t619","N278N281N283T284","part of N264N265N276N278N281N283T284",41241.8813480892,10.6272095565882,114.576169240884,"Globigerina officinalis","S-globular",FALSE,FALSE
"123",NA,"Globigerina praebulloides","Macroperforate",NA,NA,NA,NA,NA,NA,NA,NA,NA,NA,4.81,33.9,NA,NA,NA,NA,NA,NA,NA,NA,NA,NA,NA,NA,NA,"Globigerina praebulloides",NA,FALSE,FALSE
"124","TA","Globigerina umbilicata","Macroperforate","Low trochospiral, chambers spherical to subspherical","Spinose","Hispid","Umbilical large opening with a thin lip","S-globular","Kennett & Srinivasan (1983)","Symbiotic SML","This study","Low latitudes","Kennett & Srinivasan (1983)",0.56,2.58,0.04307,0.3631336,4.19278,14.64675,53.33333333,100,"Kennett & Srinivasan (1983)","t655","T288","part of N285N286T288",129251.414370462,11.7695147352157,202.834915626861,"Globigerina umbilicata","S-globular",FALSE,FALSE
"125","PP_IF","Globigerinatella insueta","Microperforate","Trochospiral / embracing",NA,"Microperforate","secondary sutural and areal apertures, surrounded by distinct lips, with small knobby pustule-like bullae sometimes covering the areal secondary apertures or crescent-shaped sutural bullae cover the secondary sutural apertures",NA,"Wade et al. (2011)",NA,NA,NA,NA,14.69,17.69,NA,NA,NA,NA,NA,NA,NA,"Globigerinatella sp.",NA,NA,NA,NA,NA,"Globigerinatella insueta",NA,FALSE,FALSE
"126","PP_IF","Globigerinatella sp.","Microperforate","Globigerinatella sp. is the form without supplementary apertures (Pearson and Chaisson, 1997)",NA,"Microperforate",NA,NA,"Pearson and Chaisson (1997), Wade et al. (2011)",NA,NA,NA,NA,15.3,19.66,NA,NA,NA,NA,NA,NA,NA,"Globigerinita glutinata",NA,NA,NA,NA,NA,"Globigerinatella sp.",NA,FALSE,FALSE
"127","TA","Globigerinatheka barri","Macroperforate","Low to medium trochospiral, streptosprial in last whorl, subglobular to globular","Spinose","Cancellate","Primary aperture not visible three small semicircular secondary apertures present mainly covered by a small bulla","S-globular, supplementary apertures","Premoli Silva et al. (2006)","Symbiotic SML","This study","Low to middle latitudes","Premoli Silva et al. (2006)",36.3,44,33.430356,33.6328448,42.7938204,46.573359,78.57142857,75,"Premoli Silva et al. (2006)","t425","T245",NA,103332.705533838,11.5457092122958,181.361025960759,"Globigerinatheka barri","S-globular",FALSE,TRUE
"128","TA","Globigerinatheka curryi","Macroperforate","Low to medium trochospiral, streptosprial in last whorl, subglobular","Spinose","Cancellate","Umbilical low arch with two secondary apertures at the base of the last chamber","S-globular, supplementary apertures","Premoli Silva et al. (2006)","Symbiotic SML","This study","Low to middle latitudes","Premoli Silva et al. (2006)",41.6,43.95,40.321404,40.55110615,44.68574485,44.915447,40,25,"Premoli Silva et al. (2006)","n409n411t412","N253","part of N253T254",163142.332225554,12.002378302606,227.881147097504,"Globigerinatheka curryi","S-globular",FALSE,TRUE
"129","TA","Globigerinatheka euganea","Macroperforate","Low trochospiral becoming streptospiral, with final chamber hemispherical, almost spherical","Spinose","Cancellate","Primary aperture not visible two-four small semicircular secondary apertures at the base of the last chamber","S-spherical","Premoli Silva et al. (2006)","Symbiotic SML","This study","Low to middle latitudes","Premoli Silva et al. (2006)",40.2,42.8,38.542481,38.542481,38.542481,38.542481,100,0,"Premoli Silva et al. (2006)","n413n415t416","N253T254",NA,177198.958729219,12.0850284408899,237.495642875788,"Globigerinatheka euganea","S-spherical",FALSE,FALSE
"130","TA","Globigerinatheka index","Macroperforate","Low trochospiral, subrectangular","Spinose","Cancellate","Umbilical high large symmetrical arch bordered by a thick lip","S-globular, supplementary apertures","Premoli Silva et al. (2006)","Symbiotic SML","Boersma et al. (1979); Pearson et al. (2001a); Pearson & Palmer (1999)","Cosmopolitan","Premoli Silva et al. (2006)",34.3,43.8,20.939572,29.92598875,42.90080305,46.740643,92.59259259,100,"Premoli Silva et al. (2006)","n428t429","N248T249",NA,139012.135174508,11.8423165117158,210.354312828531,"Globigerinatheka index","S-globular",FALSE,TRUE
"131","TA","Globigerinatheka korotkovi","Macroperforate","High trochospiral, sac like","Spinose","Cancellate","Subcircular arch with one secondary aperture almost identical to the primary aperture with other secondary apertures on spiral side","S-globular, supplementary apertures","Premoli Silva et al. (2006)","Symbiotic SML","This study","Low to middle latitudes","Premoli Silva et al. (2006)",35.5,44.3,40.321404,40.321404,40.321404,40.321404,100,10,"Premoli Silva et al. (2006)","t423","T247","part of N239N240N244N246T247",140194.138227411,11.850783442633,211.246728217981,"Globigerinatheka korotkovi","S-globular",FALSE,TRUE
"132","TA","Globigerinatheka kugleri","Macroperforate","Subtriangular outline, rather lobate","Spinose","Cancellate","Umbilical low arch two-three secondary apertures at the base of the last chamber","S-globular, supplementary apertures","Premoli Silva et al. (2006)","Symbiotic SML","Boersma et al. (1987); Pearson & Palmer (1999)","Low to middle latitudes","Premoli Silva et al. (2006)",39.8,44.4,37.528673,39.83898,42.879457,44.739662,75,60,"Premoli Silva et al. (2006)","t410","N251T252",NA,112238.210804509,11.6283787738484,189.014634636199,"Globigerinatheka kugleri","S-globular",FALSE,TRUE
"133","TA","Globigerinatheka luterbacheri","Macroperforate","Low trochospriral to streptospiral, globular","Spinose","Cancellate","Numerous secondary apertures frequently covered by a bulla of variable size","S-globular, supplementary apertures","Premoli Silva et al. (2006)","Symbiotic SML","This study","Middle latitudes","Premoli Silva et al. (2006)",34.3,40.3,33.430356,33.6650464,41.0528782,41.162487,66.66666667,57.14285714,"Premoli Silva et al. (2006)","t417","T255",NA,145476.899417629,11.8877725860997,215.189998131875,"Globigerinatheka luterbacheri","S-globular",FALSE,TRUE
"134","TA","Globigerinatheka mexicana","Macroperforate","Very low trochospiral, last chamber hemispherical, almost spherical","Spinose","Cancellate","Three small to medium size arch-shaped apertures at the base of the final chamber","S-globular, supplementary apertures","Premoli Silva et al. (2006)","Symbiotic SML","Boersma et al. (1987); Wade (2004)","Low to middle latitudes","Premoli Silva et al. (2006)",36,44.4,35.806724,36.68679485,43.74481745,44.915447,70,66.66666667,"Premoli Silva et al. (2006)","n419t420","N241T242",NA,98764.6084944645,11.5004946059434,177.306940893073,"Globigerinatheka mexicana","S-globular",FALSE,TRUE
"135","TA","Globigerinatheka semiinvoluta","Macroperforate","Spherical, with a large hemispherical final chamber","Spinose","Cancellate","Three small to medium size arch-shaped apertures at the base of the final chamber with a rim","S-globular, supplementary apertures","Premoli Silva et al. (2006)","Symbiotic SML","Poore & Matthews (1984); Pearson et al. (2001a); Wade & Kroon (2002)","Low to middle latitudes","Premoli Silva et al. (2006)",35.8,38.5,33.202176,33.35567605,37.979092,39.117895,85.71428571,75,"Premoli Silva et al. (2006)","t421","T243",NA,119355.443333655,11.6898612388849,194.915411353108,"Globigerinatheka semiinvoluta","S-globular",FALSE,TRUE
"136","TA","Globigerinatheka subconglobata","Macroperforate","Globular to nearly spherical, low trochospiral to streptospiral","Spinose","Cancellate","Umbilical low wide arch with one-two low-arched secondary apertures","S-globular, supplementary apertures","Premoli Silva et al. (2006)","Symbiotic SML","Pearson et al. (1993)","Cosmopolitan","Premoli Silva et al. (2006)",39.6,45.95,36.984978,37.7010936,46.5381542,46.609529,90.90909091,85.71428571,"Premoli Silva et al. (2006)","n408n418n422n424n426t427","N239N240N244N246T247",NA,153071.3592971,11.9386594922782,220.735422974786,"Globigerinatheka subconglobata","S-globular",FALSE,TRUE
"137","TA","Globigerinatheka tropicalis","Macroperforate","Globose with subrectangular to subtriangular outline, low trochospiral becoming streptospiral","Spinose","Cancellate","Umbilical high to subcircular medium-sized arch may have lip and is covered by a bulla secondary apertures present","S-globular, supplementary apertures","Premoli Silva et al. (2006)","Symbiotic SML","This study","Low to middle latitudes","Premoli Silva et al. (2006)",33.8,39.1,33.723719,33.9199091,41.2556625,41.370861,88.88888889,85.71428571,"Premoli Silva et al. (2006)","t430","T250",NA,117229.095133101,11.6718853773045,193.171374507835,"Globigerinatheka tropicalis","S-globular",FALSE,TRUE
"138","TA","Globigerinella adamsi","Macroperforate","Planispiral, final chambers distinctly clavate","Spinose","Hispid","Equatorial arch","S-clavate","Coxall et al. (2007)","Sub-thermocline","Coxall et al. (2007)",NA,"Coxall et al. (2007)",0,0.01,0.044568,0.10030475,1.10356625,1.159303,100,100,"Coxall et al. (2007)","t642","T302",NA,252456.349206349,12.4389936383227,283.477250907808,"Globigerinella adamsi","S-flat-clavate",FALSE,FALSE
"139","TA","Globigerinella calida","Macroperforate","Low trochospiral, equatorial periphery strongly lobulate","Spinose","Hispid","Umbilical-extraumbilical with a narrow lip","S-globular","Kennett & Srinivasan (1983)","Thermocline","This study","Low latitudes","Kennett & Srinivasan (1983)",0,4.4,0,0.1221924,7.7654618,8.890054,100,100,"Chaisson & Pearson (1997)","n640t641","N301T303",NA,285849.074269747,12.5632192381693,301.643143957467,"Globigerinella calida","S-globular",FALSE,FALSE
"140","IF","Globigerinella clavaticamerata","Macroperforate","Low trochospiral, strongly lobulate periphery, strongly elongate final chamber","Spinose","Hispid","Extraumbilical-peripheral",NA,NA,NA,NA,NA,NA,14.9,28.3,NA,NA,NA,NA,NA,NA,NA,"Globigerinella navazuelensis",NA,NA,NA,NA,NA,"Globigerinella clavaticamerata",NA,FALSE,FALSE
"141",NA,"Globigerinella megaperta","Macroperforate",NA,NA,NA,NA,NA,NA,NA,NA,NA,NA,27.3,30,NA,NA,NA,NA,NA,NA,NA,NA,NA,NA,NA,NA,NA,"Globigerinella megaperta",NA,FALSE,FALSE
"142",NA,"Globigerinella molinae","Macroperforate",NA,NA,NA,NA,NA,NA,NA,NA,NA,NA,23.4,28.6,NA,NA,NA,NA,NA,NA,NA,NA,NA,NA,NA,NA,NA,"Globigerinella molinae",NA,FALSE,FALSE
"143","IF","Globigerinella navazuelensis","Macroperforate","Pseudoplanispiral, lobulate","Spinose","Cancellate","Aperture symmetrical, bordered by a distinct rim",NA,NA,NA,NA,NA,NA,19.85,28.7,NA,NA,NA,NA,NA,NA,NA,"Globigerinella praesiphonifera",NA,NA,NA,NA,NA,"Globigerinella navazuelensis",NA,FALSE,FALSE
"144","TA","Globigerinella obesa","Macroperforate","Low trochospiral, strongly lobulate periphery, spherical chambers","Spinose","Hispid","Interiomarginal umbilical-extraumbilical low to medium arch","S-globular","Kennett & Srinivasan (1983)","Thermocline","D. R. M. Stewart unpublished data","Low to middle latitudes","Kennett & Srinivasan (1983)",5,33.35,0.008995,1.9653018,25.246026,32.375473,96.96969697,94.11764706,"FAD: Pearson (1998); LAD: Kennett & Srinivasan (1983)","n628n624t625","N366N298","part of N366N298N300T304",140005.853629309,11.8494395123553,211.10482546311,"Globigerinella obesa","S-globular",FALSE,FALSE
"145","TA","Globigerinella praesiphonifera","Macroperforate","Initially trochospiral becoming planispiral in final whorl","Spinose","Hispid","Interiomarginal umbilical-extraumbilical opening","S-globular","Kennett & Srinivasan (1983)","Thermocline","Pearson et al. (2001b); Pearson & Shackleton (1995)","Low latitudes","Kennett & Srinivasan (1983)",11.3,29.25,1.852088,8.84209795,22.15707085,23.603113,91.30434783,100,"Kennett & Srinivasan (1983)","n626t627","N366N298",NA,94666.1136479262,11.4581113867109,173.589054553371,"Globigerinella praesiphonifera","S-globular",FALSE,FALSE
"146","IF","Globigerinella radians","Macroperforate","nearly planispirally coiled highly evolute shells with typically five chambers in the last whorl. Chambers in the last whorl are radially elongated with rounded tips","Spinose","Hispid","equatorial, forming a high symmetrical arch",NA,"Weiner et al (2015)",NA,NA,NA,NA,0,11.62,NA,NA,NA,NA,NA,NA,"Weiner et al (2015)",NA,NA,"Age from molecular clock, so not v. precise",NA,NA,NA,"Globigerinella radians",NA,FALSE,FALSE
"147",NA,"Globigerinella roeglina","Macroperforate",NA,NA,NA,NA,NA,NA,NA,NA,NA,NA,16.15,29.3,NA,NA,NA,NA,NA,NA,NA,NA,NA,NA,NA,NA,NA,"Globigerinella roeglina",NA,FALSE,FALSE
"148","TA","Globigerinella siphonifera","Macroperforate","Initially trochospiral becoming planispiral, evolute","Spinose","Hispid","Interiomarginal wide equatorial arch without rim or lip","S-planispiral","Kennett & Srinivasan (1983)","Thermocline","Vergnaud-Grazzini (1976)","Low to middle latitudes","Kennett & Srinivasan (1983)",0,13.3,0.003513,0.3915714,9.048657,24.205534,72,100,"FAD: Kennett & Srinivasan (1983); LAD: Chaisson & Pearson (1997)","n634n638t639","N366N298N300T304",NA,355475.43825287,12.7812114351293,336.37976498506,"Globigerinella siphonifera","S-planispiral",FALSE,FALSE
"149",NA,"Globigerinella wagneri","Macroperforate",NA,NA,NA,NA,NA,NA,NA,NA,NA,NA,27.65,33.1,NA,NA,NA,NA,NA,NA,NA,NA,NA,NA,NA,NA,NA,"Globigerinella wagneri",NA,FALSE,FALSE
"150","PP_IF","Globigerinita glutinata","Microperforate","Trochopiral, low to medium spired",NA,"Microperforate","Intraumbilical or intra-extraumbilical, usually a broad low arch with a fine lip of constant thickness",NA,"Pearson et al. (in press b)",NA,NA,NA,NA,0,31.8,NA,NA,NA,NA,NA,NA,NA,"Tenuitella munda",NA,NA,NA,NA,NA,"Globigerinita glutinata",NA,FALSE,FALSE
"151","PP_IF","Globigerinita minuta","Microperforate","High trochospiral, compact",NA,"Microperforate","Intraumbilical or intra-extraumbilical, usually a broad low arch with a fine lip of constant thickness",NA,"Pearson et al. (in press b)",NA,NA,NA,NA,0,0,NA,NA,NA,NA,NA,NA,NA,NA,NA,NA,NA,NA,NA,"Globigerinita minuta",NA,FALSE,FALSE
"152","IF","Globigerinita parkerae","Microperforate","Trochospiral, lobulate",NA,"Microperforate","Umbilical, a rather low arch bordered by a thin lip",NA,NA,NA,NA,NA,NA,0,11.71,NA,NA,NA,NA,NA,NA,NA,"Globigerinita glutinata",NA,NA,NA,NA,NA,"Tenuitellita fleisheri",NA,FALSE,FALSE
"153","PP_IF","Globigerinita uvula","Microperforate","High to very high trochospiral",NA,"Microperforate","Intra-extraumbilical, a broad low arch with a fine lip of constant thickness",NA,"Pearson et al. (in press b)",NA,NA,NA,NA,0,27.5,NA,NA,NA,NA,NA,NA,NA,"Globigerinita glutinata",NA,NA,NA,NA,NA,"Globigerinita uvula",NA,FALSE,FALSE
"154","TA_IF","Globigerinoides altiaperturus","Macroperforate","Low trochospiral","Spinose","Cancellate","Primary aperture interiomarginal umbilical high distinct arch. One supplementary sutural aperture opposite the primary aperture","S-globular, supplementary apertures","Kennett & Srinivasan (1983)","Symbiotic SML","Keller (1985)","Low latitudes","Kennett & Srinivasan (1983)",16.4,22.1,0.074825,4.3526062,22.9059539,24.707875,64,100,"Stanley et al. (1988)","n529t530","N327","part of N327N329T330",151313.188443489,11.9271070634825,219.464083147,"Globigerinoides altiaperturus","S-globular",FALSE,TRUE
"155","TA_IF","Globigerinoides bollii","Macroperforate","Small, compact, trochospiral, chambers spherical to ovate","Spinose","Cancellate","Primary aperture interiomarginal umbilical small almost circular opening. Supplementary sutural aperture on spiral side","S-globular, supplementary apertures","Kennett & Srinivasan (1983)","Symbiotic SML","Keller (1985)","Low latitudes","Kennett & Srinivasan (1983)",3.14,22.6,0.074825,1.3993966,14.5755632,33.738848,67.64705882,100,"Stanley et al. (1988)","n584t585","T353",NA,48437.989294018,10.7880396875986,124.17041056206,"Globigerinoides bollii","S-globular",FALSE,TRUE
"156","TA","Globigerinoides conglobatus","Macroperforate","Tightly coiled trochospiral, subglobular to subquadrate","Spinose","Cancellate","Primary aperture interiomarginal umbilicallong low asymmetric arch with thin rim. Supplementary sutural apertures on spiral side","S-globular, supplementary apertures","Kennett & Srinivasan (1983)","Symbiotic SML","Keller (1985)","Low latitudes","Kennett & Srinivasan (1983)",0,6.2,0.003513,0.3162226,6.579576,12.938044,92.30769231,100,"Kennett & Srinivasan (1983)","t535","T328",NA,227895.147063709,12.3366409208592,269.334881372034,"Globigerinoides conglobatus","S-globular",FALSE,TRUE
"157","TA","Globigerinoides diminutus","Macroperforate","Small, trochospiral, equatorial periphery subquadrate","Spinose","Cancellate","Primary aperture interiomarginal umbilical small circular symmetrical arch. Supplementary sutural apertures on spiral side","S-globular, supplementary apertures","Kennett & Srinivasan (1983)","Symbiotic SML","Keller (1985)","Low latitudes","Kennett & Srinivasan (1983)",14.23,17.62,5.475311,12.54081815,16.3609095,18.566185,57.14285714,100,"Stanley et al. (1988)","t539","N334","part of N326N332N334T360",48058.2573203781,10.7801692481332,123.682732900922,"Globigerinoides diminutus","S-globular",FALSE,TRUE
"158","IF","Globigerinoides elongatus","Macroperforate","Three chambers & radially compressed","Spinose","Cancellate","Primary aperture interiomarginal umbilicalwide arch with rim. Supplementary sutural apertures on spiral side",NA,"Mikrotax",NA,NA,NA,NA,0,4,NA,NA,NA,NA,NA,NA,"Aurahs et al (2011)",NA,NA,NA,NA,NA,NA,"Globigerinoides elongatus",NA,FALSE,FALSE
"159","IF","Globigerinoides eoconglobatus","Macroperforate",NA,"Spinose","Cancellate","Orimary aperture umbilical",NA,"Mikrotax",NA,NA,NA,NA,0,9.83,NA,NA,NA,NA,NA,NA,"Stainbank et al (2018)",NA,NA,NA,NA,NA,NA,"Globigerinoides eoconglobatus",NA,FALSE,FALSE
"160","TA","Globigerinoides extremus","Macroperforate","Medium to high trochospiral, final whorl distinctly compressed","Spinose","Cancellate","Primary aperture interiomarginal umbilical distinct arch of medium height. Supplementary sutural apertures on spiral side","S-globular, supplementary apertures","Kennett & Srinivasan (1983)","Symbiotic SML","Keller (1985)","Low latitudes","Kennett & Srinivasan (1983)",1.98,8.83,0.348393,2.14104295,8.20419185,15.320511,81.25,100,"Kennett & Srinivasan (1983)","t532","T331",NA,92408.0644884216,11.4339695318345,171.506269534889,"Globigerinoides extremus","S-globular",FALSE,TRUE
"161","TA_IF","Globigerinoides italicus","Macroperforate","Low trochospiral, chambers spherical to ovate","Spinose","Cancellate","Primary aperture interiomarginal umbilical medium-sized arch. Supplementary sutural apertures on spiral side","S-globular, supplementary apertures","Kennett & Srinivasan (1983)","Symbiotic SML","Keller (1985)","Middle latitudes","Kennett & Srinivasan (1983)",4,23.25,12.766138,12.84562535,21.9807541,23.191107,100,100,"Kennett & Srinivasan (1983)","t566","T343",NA,70235.0808347886,11.1596031921832,149.520970390882,"Globigerinoides italicus","S-globular",FALSE,TRUE
"162",NA,"Globigerinoides joli","Macroperforate",NA,NA,NA,NA,NA,NA,NA,NA,NA,NA,16.4,23.2,NA,NA,NA,NA,NA,NA,NA,NA,NA,NA,NA,NA,NA,"Globigerinoides joli",NA,FALSE,FALSE
"163","TA","Globigerinoides mitra","Macroperforate","Largehigh trochospiral, spherical to subspherical chambers","Spinose","Cancellate","Interiomarginal umbilical-extraumbilical large semi-circular opening. Supplementary sutural apertures on spiral side","S-globular, supplementary apertures","Kennett & Srinivasan (1983)","Symbiotic SML","Keller (1985); Pearson et al. (2001b)","Low latitudes","Kennett & Srinivasan (1983)",12.4,18.57,5.369018,7.2935512,16.648647,16.892033,83.33333333,83.33333333,"Stanley et al. (1988)","t537","T333",NA,409719.427578194,12.9232278814446,361.133970099329,"Globigerinoides mitra","S-globular",FALSE,TRUE
"164",NA,"Globigerinoides neoparawoodi","Macroperforate",NA,NA,NA,NA,NA,NA,NA,NA,NA,NA,14.5,23.35,NA,NA,NA,NA,NA,NA,NA,NA,NA,NA,NA,NA,NA,"Globigerinoides neoparawoodi",NA,FALSE,FALSE
"165","TA","Globigerinoides obliquus","Macroperforate","Trochospiral, chambers spherical except final chamber which is compressed in a lateral oblique manner","Spinose","Cancellate","Primary aperture interiomarginal umbilical highwide arch. Supplementary sutural apertures on spiral side","S-globular, supplementary apertures","Kennett & Srinivasan (1983)","Symbiotic SML","Keller (1985); Pearson et al. (2001b)","Low latitudes","Kennett & Srinivasan (1983)",1.3,22.1,0.008995,2.3374569,16.72726085,23.603113,100,100,"FAD: Chaisson & Leckie (1993); LAD: Chaisson & Pearson (1997)","n531n533t534","N327N329T330",NA,93722.3134294179,11.4480915767966,172.721564723689,"Globigerinoides obliquus","S-globular",FALSE,TRUE
"166",NA,"Globigerinoides parawoodi","Macroperforate",NA,NA,NA,NA,NA,NA,NA,NA,NA,NA,16.4,21.81,NA,NA,NA,NA,NA,NA,NA,NA,NA,NA,NA,NA,NA,"Globigerinoides parawoodi",NA,FALSE,FALSE
"167","TA","Globigerinoides ruber","Macroperforate","Low to high trochospiral, subspherical chambers","Spinose","Cancellate","Primary aperture interiomarginal umbilicalwide arch with rim. Supplementary sutural apertures on spiral side","S-globular, supplementary apertures","Kennett & Srinivasan (1983)","Symbiotic SML","Keller (1985); Pearson et al. (2001b); Pearson & Shackleton (1995)","Low latitudes","Kennett & Srinivasan (1983)",0,15.1,0,0.2830588,7.495297,18.242684,100,100,"Stanley et al. (1988)","n542t544","T335",NA,114854.363689258,11.6514202020777,191.204810173906,"Globigerinoides ruber","S-globular",FALSE,TRUE
"168","TA_IF","Globigerinoides ruber (pink)","Macroperforate","Low to high trochospiral, subspherical chambers","Spinose","Cancellate","Primary aperture interiomarginal umbilicalwide arch with rim. Supplementary sutural apertures on spiral side","S-globular, supplementary apertures","Kennett & Srinivasan (1983)","Symbiotic SML","Keller (1985); Pearson et al. (2001b); Pearson & Shackleton (1995)","Low latitudes","Kennett & Srinivasan (1983)",0,1,0,0.2830588,7.495297,18.242684,100,100,"Stanley et al. (1988)","n542t544","T335",NA,NA,NA,NA,"Globigerinoides ruber-ruber","S-globular",FALSE,TRUE
"169","TA_IF","Globigerinoides ruber (white)","Macroperforate","Low to high trochospiral, subspherical chambers","Spinose","Cancellate","Primary aperture interiomarginal umbilicalwide arch with rim. Supplementary sutural apertures on spiral side","S-globular, supplementary apertures","Kennett & Srinivasan (1983)","Symbiotic SML","Keller (1985); Pearson et al. (2001b); Pearson & Shackleton (1995)","Low latitudes","Kennett & Srinivasan (1983)",0,15.1,0,0.2830588,7.495297,18.242684,100,100,"Stanley et al. (1988)","n542t544","T335",NA,NA,NA,NA,"Globigerinoides ruber-albus","S-globular",FALSE,TRUE
"170","TA","Globigerinoides seigliei","Macroperforate","Large, medium to high trochospiral, subquadrate outline","Spinose","Cancellate","Primary aperture interiomarginal umbilicalwide arch with rim. Supplementary sutural apertures on spiral side","S-globular, supplementary apertures","Kennett & Srinivasan (1983)","Symbiotic SML","Keller (1985)","Low latitudes","Kennett & Srinivasan (1983)",5.32,9.16,0.761933,3.96987165,10.18654925,10.857396,81.81818182,100,"Stanley et al. (1988)","t543","T335",NA,239208.715166507,12.3850917350375,275.939302925157,"Globigerinoides seigliei","S-globular",FALSE,TRUE
"171","TA","Globigerinoides subquadratus","Macroperforate","Trochospiral, outline subquadrate, chambers spherical to subspherical","Spinose","Cancellate","Primary aperture interiomarginal umbilicalwide arch with distinct rim. Supplementary sutural apertures on spiral side","S-globular, supplementary apertures","Kennett & Srinivasan (1983)","Symbiotic SML","Keller (1985)","Low latitudes","Kennett & Srinivasan (1983)",11.46,23.25,0.008995,6.5585432,18.2474866,23.896238,70.83333333,84.61538462,"Kennett & Srinivasan (1983)","n528n536n538n540t541","N326N332N334T360",NA,111608.104905698,11.6227489508953,188.483323319919,"Globigerinoides subquadratus","S-globular",FALSE,TRUE
"172","TA","Globigerinoidesella fistulosa","Macroperforate","Trochospiral, final chambers compressed and  radially elongate with multiple slender digitate extensions","Spinose","Cancellate","Primary aperture interiomarginal umbilical wide arch with rim. Supplementary sutural apertures on spiral side","S-globular, supplementary apertures","Kennett & Srinivasan (1983)","Symbiotic SML","Keller (1985); Pearson & Shackleton (1995)","Low latitudes","Kennett & Srinivasan (1983)",1.88,3.33,0.319997,1.51247575,3.3445215,10.83575,45.45454545,100,"Chaisson & Pearson (1997)","t564","T340",NA,346085.107217818,12.754439998411,331.907082010024,"Globigerinoidesella fistulosa","S-globular",FALSE,TRUE
"173","TA","Globoconella conoidea","Macroperforate","Low trochospiral, umbilical side strongly conical, distinct keel","Non-spinose","Cancellate","Interiomarginal umbilical-extraumbilical low distinct arch with indistinct rim","NS-globorotaliform, keeled","Kennett & Srinivasan (1983)","Thermocline","Schneider & Kennett (1996)","Low to middle latitudes","Kennett & Srinivasan (1983)",5.72,16.4,0.023688,3.67563995,13.2225761,15.063299,100,91.66666667,"Wei (1994)","n58t59","N27",NA,175284.826546161,12.0741675100961,236.209426542748,"Globorotalia conoidea","NS-rotaliform",TRUE,FALSE
"174","TA","Globoconella conomiozea","Macroperforate","Planoconvex, umbilical side strongly vaulted with acute strong keel","Non-spinose","Cancellate","Interiomarginal extraumbilical high arch, bordered by lip","NS-globorotaliform, keeled","Kennett & Srinivasan (1983)","Thermocline","Schneider & Kennett (1996)","Low to middle latitudes","Kennett & Srinivasan (1983)",5.53,6,0.401378,3.4767008,11.9516794,13.735845,92.85714286,100,"Wei (1994)","n60t61","N27",NA,130835.170669575,11.7816935707722,204.073830474829,"Globorotalia conomiozea","NS-rotaliform",TRUE,FALSE
"175","TA","Globoconella inflata","Macroperforate","Low trochospiral, globular, slightly umbilico-convex","Non-spinose","Cancellate","Interiomarginal umbilical-extraumbilical high arch with indistinct rim","NS-globular","Kennett & Srinivasan (1983)","Thermocline","Vergnaud-Grazzini (1976)","Low to high latitudes","Kennett & Srinivasan (1983)",0,2.67,0.003513,0.15607675,3.38917225,6.086281,100,100,"Wei (1994)","t70","T29",NA,90319.8655038515,11.4111127097154,169.557382937654,"Globorotalia inflata","NS-globular",FALSE,FALSE
"176","TA","Globoconella miozea","Macroperforate","Trochospiral, biconvex, equatorial periphery lobulate with keel","Non-spinose","Cancellate","Interiomarginal umbilical-extraumbilical low arch with a thickened rim","NS-globorotaliform, keeled","Kennett & Srinivasan (1983)","Thermocline","Schneider & Kennett (1996)","Low to middle latitudes","Kennett & Srinivasan (1983)",10.23,16.7,4.116206,5.8898015,16.9332145,23.932578,80,100,"D. R. M. Stewart unpublished data","n56t57","N27",NA,125926.265774084,11.7434518223726,200.208829291064,"Globorotalia miozea","NS-rotaliform",TRUE,FALSE
"177","TA","Globoconella pliozea","Macroperforate","Trochospiral, biconvex, equatorial periphery lobulate with keel, sutures are raised on spiral side","Non-spinose","Cancellate (weakly developed)","Interiomarginal umbilical-extraumbilical slit with a thickened rim","NS-globorotaliform, anguloconical","Wei (1994)","Thermocline","Schneider & Kennett (1996)",NA,"Wei (1994)",4.17,5.06,3.55847,3.6458178,4.9017449,5.905273,100,100,"Wei (1994)","t65","T28",NA,109382.284636406,11.6026042238321,186.594379800511,"Globorotalia pliozea","NS-rotaliform",FALSE,FALSE
"178",NA,"Globoconella pseudospinosa","Macroperforate",NA,NA,NA,NA,NA,NA,NA,NA,NA,NA,4.1,4.57,NA,NA,NA,NA,NA,NA,NA,NA,NA,NA,NA,NA,NA,"Globorotalia pseudospinosa",NA,FALSE,FALSE
"179","TA","Globoconella puncticulata","Macroperforate","Low trochospiral, umbilico-convexconical","Non-spinose","Cancellate","Interiomarginal umbilical-extraumbilical high arch with rim","NS-globular","Kennett & Srinivasan (1983)","Thermocline","Schneider & Kennett (1996)","Low to middle latitudes","Kennett & Srinivasan (1983)",2.39,4.6,0.345804,1.0927174,4.68293975,8.386797,77.77777778,100,"Wei (1994)","n68t69","T29",NA,101438.575952987,11.5272087312542,179.691128234649,"Globorotalia puncticulata","NS-globular",FALSE,FALSE
"180","TA","Globoconella sphericomiozea","Macroperforate","Low trochospiral, umbilico-convexsub-conical","Non-spinose","Cancellate","Interiomarginal umbilical-extraumbilical low arch with rim","NS-globular","Kennett & Srinivasan (1983)","Thermocline","Schneider & Kennett (1996)","Middle latitudes","Kennett & Srinivasan (1983)",4.54,5.42,1.550661,2.063448,6.364331,6.58471,100,100,"Wei (1994)","n66t67","T29",NA,56329.4738146466,10.938973190724,133.903802779208,"Globorotalia sphericomiozea","NS-globular",FALSE,FALSE
"181","TA","Globoconella terminalis","Macroperforate","Low trochospiral, spiral side flat, umbilical side distinctly conical, keeled","Non-spinose","Cancellate","Interiomarginal extraumbilical elongate arch bordered by a lip","NS-globorotaliform, anguloconical","Wei (1987)","Thermocline","Schneider & Kennett (1996)",NA,"Wei (1987)",5.01,5.63,NA,NA,NA,NA,NA,0,"Wei (1994)","n62n63t64","N27",NA,NA,NA,NA,"Globorotalia terminalis","NS-rotaliform",FALSE,FALSE
"182","IF","Globoconusa daubjergensis","Microperforate","Low to high trochospiral, subglobular chambers",NA,"Microperforate","Umbilical, a very small, low arch",NA,NA,NA,NA,NA,NA,61.4,65,NA,NA,NA,NA,NA,NA,NA,"benthic",NA,NA,NA,NA,NA,"Globoconusa daubjergensis",NA,FALSE,FALSE
"183","TA_IF","Globoquadrina conglomerata","Macroperforate","Low trochospiral, equatorial periphery slightly lobate","Non-spinose","Cancellate","Interiomarginal umbilical low arch with umbilical teeth","NS-globular","Banner & Blow (1960)","Thermocline","This study","Low latitudes","Bė (1968)",0,4.36,0,0.7502725,12.75661075,20.629943,81.81818182,100,NA,"t348","N172T174","2 lineages N172 and T174",140348.979591837,11.85188731131,211.363354723303,"Globoquadrina conglomerata","NS-globular",FALSE,FALSE
"184","TA","Globoquadrina dehiscens","Macroperforate","Umbilico-convex, very low trochospiral","Non-spinose","Coarsely cancellate","Interiomarginal umbilical low arch covered with umbilical tooth","NS-globular","Kennett & Srinivasan (1983)","Thermocline","Pearson & Shackleton (1995); Keller (1985)","Low to middle latitudes","Kennett & Srinivasan (1983)",5.8,24.95,0.008995,5.649012,23.9355819,50.551636,66.66666667,100,"B.S. Wade & P. N. Pearson in preparation","t355","T181",NA,216789.87677114,12.2866838535974,262.690618410364,"Globoquadrina dehiscens","NS-globular",FALSE,FALSE
"185","TA","Globorotalia flexuosa","Macroperforate","Largetrochospiral, equatorial periphery oval to elongate, final chamber bent sharply to umbilicus, heavy keel","Non-spinose","Smooth","Interiomarginal umbilical-extraumbilical low arch bordered by plate-like lip","NS-globorotaliform, keeled","Kennett & Srinivasan (1983)","Thermocline","D. R. M. Stewart unpublished data","Low latitudes","Kennett & Srinivasan (1983)",0.06,0.4,0.331299,1.94786925,5.756755,10.087223,63.63636364,100,"D. R. M. Stewart unpublished data","t97","N45T43",NA,521497.608091867,13.1644599668197,407.42833023348,"Globorotalia flexuosa","NS-rotaliform",TRUE,FALSE
"186","TA","Globorotalia merotumida","Macroperforate","Low trochospiral, biconvex, equatorial periphery slightly lobate with distinct keel","Non-spinose","Smooth","Interiomarginal umbilical-extraumbilical low arch with thick lip","NS-globorotaliform, keeled","Kennett & Srinivasan (1983)","Thermocline","This study","Low latitudes","Kennett & Srinivasan (1983)",5.82,9.94,3.136975,4.678724,10.23013,19.908041,64.70588235,100,"D. R. M. Stewart unpublished data","n92t93","N42","part of N42T41",138678.892551052,11.8399164141242,210.102028795582,"Globorotalia merotumida","NS-rotaliform",TRUE,FALSE
"187","TA","Globorotalia plesiotumida","Macroperforate","Lenticular trochospiral, ovate periphery with keel","Non-spinose","Smooth","Interiomarginal umbilical-extraumbilical low arch bordered by lip","NS-globorotaliform, keeled","Kennett & Srinivasan (1983)","Thermocline","Pearson & Shackleton (1995)","Low latitudes","Kennett & Srinivasan (1983)",3.77,8.52,2.514051,4.03203725,8.86205775,11.717276,100,100,"D. R. M. Stewart unpublished data","n94t95","N42T41",NA,194310.090702948,12.17721056764,248.698256640487,"Globorotalia plesiotumida","NS-rotaliform",TRUE,FALSE
"188","TA","Globorotalia tumida","Macroperforate","Biconvex tumid test, trochospiral, ovate periphery with keel","Non-spinose","Smooth","Interiomarginal umbilical-extraumbilical low arch covered by plate-like lip","NS-globorotaliform, keeled","Kennett & Srinivasan (1983)","Thermocline","Pearson & Shackleton (1995); D. R. M. Stewart unpublished data","Low latitudes","Kennett & Srinivasan (1983)",0,5.72,0,0.47681,5.878847,16.661044,100,100,"D. R. M. Stewart unpublished data","n96n98t99","N45T43",NA,674298.90646615,13.4214287729894,463.288256025441,"Globorotalia tumida","NS-rotaliform",TRUE,FALSE
"189","TA","Globorotalia ungulata","Macroperforate","Small, umbilico-convex, equatorial periphery ovate with thin but distinct keel","Non-spinose","Smooth","Interiomarginal umbilical-extraumbilical low arch covered by lip","NS-globorotaliform, keeled","Kennett & Srinivasan (1983)","Thermocline","This study","Low latitudes","Kennett & Srinivasan (1983)",0,4.91,0.039003,0.382056,4.350697,10.087223,72.72727273,100,"FAD: Chaisson & Leckie (1993); LAD: D. R. M. Stewart unpublished data","t100","T46",NA,315282.5373229,12.6612244596762,316.79259551162,"Globorotalia ungulata","NS-rotaliform",TRUE,FALSE
"190","TA","Globorotalia zealandica","Macroperforate","Low trochospiral, equatorial periphery quadrilobate, compressed","Non-spinose","Smooth","Interiomarginal umbilical-extraumbilical distinct rimmed arch","NS-globorotaliform, non-keeled","Kennett & Srinivasan (1983)","Thermocline","This study","Low latitudes","Kennett & Srinivasan (1983)",16.4,17.62,12.54019,14.6052409,20.53987135,30.103384,57.89473684,100,"D. R. M. Stewart unpublished data","t674","N25N26","2 lineages N25 and N26N32",71898.9967386131,11.1830175900459,151.281728799603,"Globorotalia zealandica","NS-rotaliform",FALSE,FALSE
"191",NA,"Globorotaloides atlanticus","Macroperforate",NA,NA,NA,NA,NA,NA,NA,NA,NA,NA,19.15,25.75,NA,NA,NA,NA,NA,NA,NA,NA,NA,NA,NA,NA,NA,"Globorotaloides atlanticus",NA,FALSE,FALSE
"192","TA","Globorotaloides eovariabilis","Macroperforate","Biconvex, lobate, flattened to slightly elevated trochspiral","Spinose","Coarsely cancellate","Umbilical-extraumbilical arch with broad lip","S-globular","Olsson et al. (2006c)","Sub-thermocline","Keller (1985)","Southern and Northern high latitudes","Olsson et al. (2006c)",21.4,49.3,19.834877,23.2858378,33.575634,38.984189,90,58.06451613,"Olsson et al. (2006c)","n467n469n996n471t472","N201N998N295N203","I think the lnSpcs should be N201N295N998N203 rather than N201N295N998T205 as it was, as T205 only starts at 13.8 and otherwise G. hexagonus doesn't make sense",252613.355616791,12.439615360093,283.565386595202,"Globorotaloides eovariabilis","S-globular",FALSE,FALSE
"193","TA","Globorotaloides hexagonus","Macroperforate","Very low trochospiral, spiral side almost flat, equatorial periphery lobulate, chambers spherical","Spinose","Coarsely cancellate","Interiomarginal umbilical-extraumbilical very low arch covered by distinct apertural plate or thick rim","NS-globular","Kennett & Srinivasan (1983)","Sub-thermocline","Keller (1985); Pearson et al. (2001b)","Low latitudes","Kennett & Srinivasan (1983)",0,28.7,0.003513,0.38708555,13.4446777,20.636074,100,100,"Kennett & Srinivasan (1983)","n668t470","N203T205","2 lineages N201N998N295N203 and T205",133748.496441927,11.8037164231394,206.33339206169,"Globorotaloides hexagonus","NS-globular",FALSE,FALSE
"194","TA","Globorotaloides quadrocameratus","Macroperforate","Umbilico-convex, very low trochospiral","Spinose","Coarsely cancellate","Umbilical low opening bordered by narrow thickened lip","S-globular","Olsson et al. (2006c)","Sub-thermocline","Keller (1985)","Low to high latitudes","Olsson et al. (2006c)",23.15,56.6,NA,NA,NA,NA,NA,0,"Olsson et al. (2006c)","n451n465t466","N190N199T200",NA,54405.2603011119,10.9042161248808,131.596854879767,"Globorotaloides quadrocameratus","S-globular",FALSE,FALSE
"195","TA_IF","Globorotaloides stainforthi","Macroperforate","Sub-quadrate, low trochospiral","Spinose","Cancellate","Interiomarginal umbilical covered by a bulla with an infralaminal aperture over each suture of the final whorl","S-globular","Kennett & Srinivasan (1983)","Sub-thermocline","Keller (1985)","Low latitudes","Kennett & Srinivasan (1983)",17.1,28.55,2.613726,13.6145569,25.2557244,26.497622,56,83.33333333,"NEPTUNE","n462t463","T214",NA,73194.273683441,11.2008724685211,152.638333735275,"Globorotaloides stainforthi","S-globular",FALSE,FALSE
"196","IF","Globorotaloides suteri","Macroperforate","Low trochospiral, lobulate, axial periphery rounded","Non-spinose","Coarsely cancellate","Low interiomarginal umbilical-extraumbilical arch surrounded by beak-like lip",NA,NA,NA,NA,NA,NA,15.7,41,NA,NA,NA,NA,NA,NA,NA,"Globorotaloides quadrocameratus",NA,NA,NA,NA,NA,"Globorotaloides suteri",NA,FALSE,FALSE
"197","TA_IF","Globorotaloides testarugosus","Macroperforate","Very low trochospiral, profile subovate to subcircular, slightly lobate","Spinose","Coarsely cancellate","Umbilical-extraumbilical very low arch sometimes covered by small bulla","S-globular","Spezzaferri (1994)","Sub-thermocline","Keller (1985)","Middle latitudes","Spezzaferri (1994)",22.8,28.7,39.753735,39.769912,40.0611025,40.07728,100,0,"Spezzaferri (1994)","t468","T202",NA,65411.9950449316,11.0884609311006,144.295823563286,"Globorotaloides testarugosus","S-globular",FALSE,FALSE
"198","TA","Globorotaloides variabilis","Macroperforate","Very low trochospiral, spiral side almost flat, equatorial periphery lobulate, chambers subangular to ovate","Spinose","Coarsely cancellate","Interiomarginal umbilical-extraumbilical very low arch or slit","S-globular","Kennett & Srinivasan (1983)","Sub-thermocline","Keller (1985)","Low latitudes","Kennett & Srinivasan (1983)",15,29.8,0.074825,3.4406179,29.8760797,50.551636,68.62745098,100,"Kennett & Srinivasan (1983)","t473","T204",NA,80579.0145231902,11.2969935288764,160.153354450285,"Globorotaloides variabilis","S-globular",FALSE,FALSE
"199","IF","Dentigloborotalia anfracta","Macroperforate","Small, very low trochospiral, spiral side almost flat, equatorial profile lobulate; axial profile rounded, final chamber somewhat compressed; chambers inflated, 4-5 increasing slowly as added; sutures radial and depressed; surface smooth, translucent, covered with fine pustules",NA,"Smooth","a low arch with a broad lip",NA,"Kennett & Srinivasan (1983), Mikrotax",NA,NA,NA,NA,0,5.82,NA,NA,NA,NA,NA,NA,"Kennett & Srinivasan (1983)","Dentoglobigerina binaiensis",NA,NA,NA,NA,NA,"Dentigloborotalia anfracta",NA,FALSE,FALSE
"200","TA","Globoturborotalita apertura","Macroperforate","Low trochospiral, chambers spherical to subspherical","Spinose","Cancellate","Umbilical very large semi-circular arch with distinct rim","S-globular","Kennett & Srinivasan (1983)","Asymbiotic SML","This study","Low to middle latitudes","Kennett & Srinivasan (1983)",1.64,11.18,0.253774,1.7833328,9.3010931,11.352612,100,100,"Stanley et al. (1988)","t591","T356","part of N324N336N342N344N348N352N354T356",68351.0430839002,11.1324121029559,147.501907596409,"Globoturborotalita apertura","S-globular",FALSE,FALSE
"201",NA,"Globoturborotalita barbula","Macroperforate",NA,NA,NA,NA,NA,NA,NA,NA,NA,NA,33.5,34.7,NA,NA,NA,NA,NA,NA,NA,NA,NA,NA,NA,NA,NA,"Globoturborotalita barbula",NA,FALSE,FALSE
"202","TA","Globoturborotalita bassriverensis","Macroperforate","Moderate to low trochospiral, globular","Spinose","Cancellate","Umbilical rounded arch bordered by a narrow lip that is sometimes thickened","S-globular","Olsson et al. (2006a)","Asymbiotic SML","Pearson et al. (2001a)","Low to middle latitudes","Olsson et al. (2006a)",32,55.4,NA,NA,NA,NA,NA,0,"Olsson et al. (2006a)","n500n513n514t515","N314N318",NA,36173.5198779521,10.4960826350566,107.305121011152,"Globoturborotalita bassriverensis","S-globular",FALSE,FALSE
"203","TA","Globoturborotalita brazieri","Macroperforate","Low trochospiral, subquadrate outline","Spinose","Hispid","Umbilical very high arch with a thick rim","S-globular","Kennett & Srinivasan (1983)","Symbiotic SML","This study","Low to middle latitudes","Kennett & Srinivasan (1983)",17.4,29.9,16.124078,16.45749625,24.71717285,26.549627,100,88.88888889,"Kennett & Srinivasan (1983)","n526t527","N325T361",NA,89009.1104924255,11.3964940085588,168.322547004744,"Globoturborotalita brazieri","S-globular",FALSE,FALSE
"204","IF","Globoturborotalita cancellata","Macroperforate","Low trochospiral, globular, lobulate","Spinose","Cancellate","Umbilical, a low rounded arch, bordered by a thin thickened rim",NA,NA,NA,NA,NA,NA,28.3,34.3,NA,NA,NA,NA,NA,NA,NA,"Globoturborotalita bassriverensis",NA,NA,NA,NA,NA,"Globoturborotalita cancellata",NA,FALSE,FALSE
"205","TA","Globoturborotalita connecta","Macroperforate","Low trochospiral, compacte, quatorial periphery trilobate","Spinose","Hispid","Low arch with faint rim","S-globular","Kennett & Srinivasan (1983)","Symbiotic SML","This study","Low to middle latitudes","Kennett & Srinivasan (1983)",16.4,25.1,3.389115,7.9236764,24.6406586,26.549627,70.83333333,100,"Stanley et al. (1988)","n546t547","N337","part of N337N339T341",49872.1927953822,10.8172188678037,125.995285675434,"Globoturborotalita connecta","S-globular",FALSE,FALSE
"206","TA","Globoturborotalita decoraperta","Macroperforate","Compact, low to medium-high trochospiral, outline lobulate, chambers spherical to subspherical","Spinose","Cancellate","Interiomarginal umbilical large semicirular bordered by a rim","S-globular","Kennett & Srinivasan (1983)","Asymbiotic SML","This study","Low latitudes","Kennett & Srinivasan (1983)",2.75,11.49,0.158145,2.2988732,11.36913305,23.2288,75,100,"FAD: Stanley et al. (1988); LAD: Chaisson & Pearson (1997)","n578t579","N349","part of N349T350",43845.2303960207,10.688421220984,118.137082650028,"Globoturborotalita decoraperta","S-globular",FALSE,FALSE
"207",NA,"Globoturborotalita eolabiacrassata","Macroperforate",NA,NA,NA,NA,NA,NA,NA,NA,NA,NA,16,49,NA,NA,NA,NA,NA,NA,NA,NA,NA,NA,NA,NA,NA,"Globoturborotalita eolabiacrassata",NA,FALSE,FALSE
"208","TA_IF","Globoturborotalita euapertura","Macroperforate","Trochospiral","Spinose","Cancellate","Umbilical large opening","NS-globular","Wade et al. (2007)","Sub-thermocline","Pearson et al. (1997b, 2007)","Cosmopolitan","This study",22.15,28.85,20.580596,23.7862753,33.17604935,34.489141,100,100,"NEPTUNE","t51","T22",NA,102936.724752978,11.5418697556516,181.013196038997,"Globoturborotalita euapertura","NS-globular",FALSE,FALSE
"209","TA","Globoturborotalita gnaucki","Macroperforate","Moderately low trochosprial, globular with lobulate outline","Spinose","Cancellate","Umbilical rounded arch bordered by a thin thickened rim","S-globular","Olsson et al. (2006a)","Asymbiotic SML","This study","Low to middle latitudes","Olsson et al. (2006a)",28.6,35.4,NA,NA,NA,NA,NA,0,"Olsson et al. (2006a)","n518t519","T321",NA,63419.0586605135,11.0575197050385,142.080657881751,"Globoturborotalita gnaucki","S-globular",FALSE,FALSE
"210","TA","Globoturborotalita kennetti","Macroperforate","Low spired, spherical to subspherical chambers","Spinose","Cancellate","Primary aperture centred over suture of final and penultimate chambers. Supplementary sutural apertures on spiral side","S-globular, supplementary apertures","Kennett & Srinivasan (1983)","Symbiotic SML","Keller (1985)","Low latitudes","Kennett & Srinivasan (1983)",5.32,8.86,3.141873,4.5765945,10.77476225,10.877689,50,25,"Stanley et al. (1988)","t586","T353",NA,100851.403061224,11.5214034556428,179.170306217001,"Globoturborotalita kennetti","S-globular",FALSE,TRUE
"211","TA","Globoturborotalita labiacrassata","Macroperforate","Low trochospiral, profile subcircular, slightly lobulate","Spinose","Cancellate","High semicircular arch bordered by thick distinct rim","S-globular","Spezzaferri (1994)","Asymbiotic SML","This study","South Atlantic and Pacific","Spezzaferri (1994)",22.2,32,19.831302,21.1845912,30.4038756,31.988018,100,80,"Spezzaferri (1994)","t524","T323",NA,107729.580609643,11.5873794829042,185.179346965267,"Globoturborotalita labiacrassata","S-globular",FALSE,FALSE
"212","TA","Globoturborotalita martini","Macroperforate","Moderately low trochosprial, globular with lobulate outline","Spinose","Cancellate","Umbilical rounded arch bordered by a thickened rim","S-globular","Olsson et al. (2006a)","Symbiotic SML","Pearson et al. (2001a)","Low to middle latitudes","Olsson et al. (2006a)",27.5,44,0.330943,23.7702112,47.6911355,52.199416,50.94339623,71.42857143,"FAD: Olsson et al. (2006a); LAD: NEPTUNE","n521n522t523","N322",NA,19874.8140412795,9.89720858306515,79.5383542412319,"Globoturborotalita martini","S-globular",FALSE,FALSE
"213","TA","Globoturborotalita nepenthes","Macroperforate","Compactly coiled except for last-formed protuding chamber, low to high spire","Spinose","Cancellate","Broad arch at the umbilical edge of the final chamber bordered by thickened rim","S-globular","Kennett & Srinivasan (1983)","Asymbiotic SML","D. R. M. Stewart unpublished data","Low latitudes","Kennett & Srinivasan (1983)",4.37,11.55,2.184728,4.398965,10.88278175,19.377123,83.33333333,100,"Stanley et al. (1988)","t588","T355",NA,68985.4460915067,11.1416508351213,148.184849069416,"Globoturborotalita nepenthes","S-globular",FALSE,FALSE
"214","IF","Globoturborotalita occlusa","Macroperforate","Low trochospiral, lobulate","Spinose","Cancellate","Umbilical very low arch without lip",NA,NA,NA,NA,NA,NA,12.5,32.9,NA,NA,NA,NA,NA,NA,NA,"unknown",NA,NA,NA,NA,NA,"Globoturborotalita occlusa",NA,FALSE,FALSE
"215","TA","Globoturborotalita ouachitaensis","Macroperforate","Moderately low trochosprial, globular with lobulate outline","Spinose","Cancellate","Umbilical rounded arch bordered by a thickened rim","S-globular","Olsson et al. (2006a)","Symbiotic SML","Wade & Pearson (2008)","Low to middle latitudes","Olsson et al. (2006a)",21.8,43.1,1.426473,22.9633724,33.0535114,33.769415,42.42424242,52.38095238,"Olsson et al. (2006a)","n516t517","N319T320",NA,46408.7745477039,10.7452438269675,121.5416461309,"Globoturborotalita ouachitaensis","S-globular",FALSE,FALSE
"216",NA,"Globoturborotalita paracancellata","Macroperforate",NA,NA,NA,NA,NA,NA,NA,NA,NA,NA,25.9,33.9,NA,NA,NA,NA,NA,NA,NA,NA,NA,NA,NA,NA,NA,"Globoturborotalita paracancellata",NA,FALSE,FALSE
"217",NA,"Globoturborotalita pseudopraebulloides","Macroperforate",NA,NA,NA,NA,NA,NA,NA,NA,NA,NA,14.4,31.8,NA,NA,NA,NA,NA,NA,NA,NA,NA,NA,NA,NA,NA,"Globoturborotalita pseudopraebulloides",NA,FALSE,FALSE
"218","TA","Globoturborotalita rubescens","Macroperforate","Small, trochospiral, equatorial periphery lobulate, chambers spherical to subspherical","Spinose","Cancellate","Umbilical small rounded opening bordered by a distinct rim","S-globular","Kennett & Srinivasan (1983)","Asymbiotic SML","This study","Low latitudes","Kennett & Srinivasan (1983)",0,3.6,0,0.0875163,5.0907567,19.717579,66.66666667,100,"FAD: Chassion & Pearson (1997); LAD: Stanley et al. (1988)","n580t581","N349T350",NA,29102.3873109185,10.2785754879705,96.2474809676339,"Globoturborotalita rubescens","S-globular",FALSE,FALSE
"219","TA","Globoturborotalita tenella","Macroperforate","Small, low trochospiral, chambers spherical","Spinose","Cancellate","Primary aperture umbilical large almost circular opening with distinct rim small supplementary aperture on spiral side","S-globular","Kennett & Srinivasan (1983)","Asymbiotic SML","This study","Low latitudes","Kennett & Srinivasan (1983)",0,2.48,0,0.154881,2.0697096,2.537432,100,100,"Kennett & Srinivasan (1983)","t582","N349T351","2 lineages N349T350 and T351",147640.416347836,11.9025349771605,216.784234029616,"Globigerinoides tenellus","S-globular",FALSE,FALSE
"220","TA","Globoturborotalita woodi","Macroperforate","Low trochospiral, equatorial periphery quadrilobate, chambers spherical to subspherical","Spinose","Cancellate","Interiomarginal umbilical high arch bordered by a thick rim","S-globular","Kennett & Srinivasan (1983)","Symbiotic SML","Pearson et al. (1997b, 2007)","Low to middle latitudes","Kennett & Srinivasan (1983)",2.3,29.4,0.158145,2.8005202,23.7841036,36.11883,83.78378378,96.55172414,"FAD: Stanley et al. (1988); LAD: Chaisson & Pearson (1997)","n525n545n565n567n577n583n587n589t590","N324N336N342N344N348N352N354T356",NA,57486.8421790742,10.9593113689312,135.27242953051,"Globoturborotalita woodi","S-globular",FALSE,FALSE
"221","IF","Guembelitria cretacea","Microperforate","Triserial, globular chambers",NA,"Microperforate","Bordered by a distinct lip and often slightly asymmetric",NA,NA,NA,NA,NA,NA,63.67,72.05,NA,NA,NA,NA,NA,NA,NA,"unknown",NA,NA,NA,NA,NA,"Guembelitria cretacea",NA,FALSE,FALSE
"222","TA","Guembelitrioides nuttalli","Macroperforate","High spired trochospiral to helicospiral, globular","Spinose","Cancellate","Umbilical high arch supplementary apertures present along sutures on spiral side","S-globular","Olsson et al. (2006c)","Thermocline","Pearson et al. (1993)","Low to middle latitudes","Olsson et al. (2006c)",42.3,46.4,40.321404,41.53787605,48.3810955,49.886929,100,100,"Olsson et al. (2006c)","n406t407","N237T238",NA,125765.200077087,11.7421719560217,200.08075000464,"Guembelitrioides nuttalli","S-globular",FALSE,FALSE
"223","TA","Hantkenina alabamensis","Macroperforate","Planispiral ,compact, biumbilicate, chambers tubulospinose","Probably non-spinose","Smooth","Equatorial high arch which is narrow at the top becoming broader at the base bordered by imperforate lip","NS-tubulospinate","Coxall & Pearson (2006)","Asymbiotic SML","Poore & Matthews (1984); Boersma et al. (1987) Coxall et al. (2000); Pearson et al. (2001a); Wade & Kroon (2002)","Low to middle latitudes","Coxall & Pearson (2006)",33.7,39.8,32.794685,34.0418086,40.2469486,44.739662,84.61538462,100,"Coxall & Pearson (2006)","n395t396","N358T229",NA,135135.387428241,11.8140324247214,207.400409333458,"Hantkenina alabamensis","NS-tubulospinate",FALSE,FALSE
"224","TA","Hantkenina australis","Macroperforate","Planispiral, laterally compressed, biumbilicate, chambers tubulospinose","Probably non-spinose","Smooth","Equatorial high arch which is narrow at the top becoming broader at the base bordered by imperforate lip","NS-tubulospinate","Coxall & Pearson (2006)","Thermocline","This study","Low to middle latitudes and commonly in high northerly and southerly extremes","Coxall & Pearson (2006)",38.1,42.3,34.405985,34.405985,34.405985,34.405985,100,0,"Coxall & Pearson (2006)","t388","T226",NA,116491.005482653,11.6655693428499,192.562298222208,"Hantkenina australis","NS-tubulospinate",FALSE,FALSE
"225","TA","Hantkenina compressa","Macroperforate","Planispiral, laterally compressed, biumbilicate, chambers tubulospinose","Probably non-spinose","Smooth","Equatorial high narrow arch flaring into lateral lobes at the base bordered by wide flaring lip","NS-tubulospinate","Coxall & Pearson (2006)","Asymbiotic SML","Coxall & Pearson (2006)","Low to middle latitudes","Coxall & Pearson (2006)",33.7,41.2,NA,NA,NA,NA,NA,0,"Coxall & Pearson (2006)","n391n393t394","N227T228","part of N223N225N227T228",220656.400531275,12.3043620218966,265.022855125431,"Hantkenina compressa","NS-tubulospinate",FALSE,FALSE
"226","TA","Hantkenina dumblei","Macroperforate","Planispiral, involute, laterally compressed, biumbilicate, chambers tubulospinose","Probably non-spinose","Smooth","Equatorial elongated arch widening towards base into weak apertural lobes bordered by imperforate flaring lip","NS-tubulospinate","Coxall & Pearson (2006)","Thermocline","Pearson et al. (1993, 2001a); Coxall & Pearson (2006)","Low to middle latitudes","Coxall & Pearson (2006)",39,43.9,40.083973,40.083973,40.083973,40.083973,100,20,"Coxall & Pearson (2006)","n387n389t390","N225N227","part of N223N225N227T228",227634.911748044,12.3354983602798,269.181059604827,"Hantkenina dumblei","NS-tubulospinate",FALSE,FALSE
"227","TA","Hantkenina lehneri","Macroperforate","Planispiral, involute, biumbilicate, chambers tubulospinose","Probably non-spinose","Smooth","Equatorial elongated arch bordered by well-pronounced crenulated pustluose lip","NS-tubulospinate","Coxall & Pearson (2006)","Thermocline","This study","Found in TrinidadTanzania and Russia","Coxall & Pearson (2006)",41.4,43.91,NA,NA,NA,NA,NA,0,"Coxall & Pearson (2006)","t384","N223T224","2 lineages N223N225N227T228 and T224",239523.877787711,12.3864083893509,276.121021070302,"Hantkenina lehneri","NS-tubulospinate",FALSE,FALSE
"228","TA","Hantkenina liebusi","Macroperforate","Planispiral, involute, laterally compressed, biumbilicate, chambers tubulospinose","Probably non-spinose","Smooth","Equatorial elongated arch bordered two-thirds of the way up by a crenulated pustulose lip","NS-tubulospinate","Coxall & Pearson (2006)","Sub-thermocline","Pearson et al. (1993, 2001a); Coxall et al. (2000)","Low to middle latitudes","Coxall & Pearson (2006)",39.7,44.2,34.405985,35.5807432,40.3071366,40.321404,57.14285714,16.66666667,"Coxall & Pearson (2006)","n383n385t386","N223N225","part of N223N225N227T228",136423.4678734,11.82351906145,208.386512355239,"Hantkenina liebusi","NS-tubulospinate",FALSE,FALSE
"229","TA","Hantkenina mexicana","Macroperforate","Planispiral, evolute, biumbilicate, chambers tubulospinose","Probably non-spinose","Smooth","Equatorial elongated arch bordered by flaring often crenulated and pustulose lip","NS-tubulospinate","Coxall & Pearson (2006)","Sub-thermocline","Coxall et al. (2000); Pearson et al. (2001a)","Low latitudes","Coxall & Pearson (2006)",43.8,44.41,NA,NA,NA,NA,NA,0,"Coxall & Pearson (2006)","n381t382","N223","part of N223N225N227T228",164787.376956827,12.0124112973881,229.027184420656,"Hantkenina mexicana","NS-tubulospinate",FALSE,FALSE
"230","TA","Hantkenina nanggulanensis","Macroperforate","Planispiral, biumbilicate, strongly inflated, chambers tubulospinose","Probably non-spinose","Smooth","Equatorial high narrow arch flaring into lateral lobes at the base or open and triangular","NS-tubulospinate","Coxall & Pearson (2006)","Asymbiotic SML","Wade & Pearson (2008)","Low to middle latitudes","Coxall & Pearson (2006)",33.7,38.1,NA,NA,NA,NA,NA,0,"Coxall & Pearson (2006)","n397t398","T230",NA,367414.939192697,12.8142471128654,341.982174208908,"Hantkenina nanggulanensis","NS-tubulospinate",FALSE,FALSE
"231","TA","Hantkenina primitiva","Macroperforate","Planispiral, somewhat evolute, laterally compressed, biumbilicate, chambers tubulospinose","Probably non-spinose","Smooth","Equatorial high narrow arch flaring into lateral lobes at the base bordered by wide flaring lip","NS-tubulospinate","Coxall & Pearson (2006)","Thermocline","This study","Cosmopolitan, most common in shelf environments","Coxall & Pearson (2006)",33.7,40,32.794685,32.830839,34.41171,34.42316,66.66666667,14.28571429,"Coxall & Pearson (2006)","t392","N227T228","part of N223N225N227T228",106987.818943077,11.5804702653101,184.54072848784,"Hantkenina primitiva","NS-tubulospinate",FALSE,FALSE
"232","TA","Hantkenina singanoae","Macroperforate","Planispiral to pseudo-planispiral, laterally compressed, biumbilicate, chambers proto-tubulospinose","Probably non-spinose","Smooth, weakly cancellate","Equatorial high arch with a smooth broad lip","NS-tubulospinate","Coxall & Pearson (2006)","Thermocline","This study","Found only in Tanzania and Austria so far","Coxall & Pearson (2006)",44.4,44.5,NA,NA,NA,NA,NA,0,"Coxall & Pearson (2006)","n379t380","N223","part of N223N225N227T228",101531.991093483,11.5281292109912,179.773848289956,"Hantkenina singanoae","NS-tubulospinate",FALSE,FALSE
"233","IF","Hastigerina pelagica","Microperforate","Large, planispiral, involute, biumbilicate",NA,"Triradiate","Interiomarginal, a wide equatorial arch bordered by a thin lip",NA,NA,NA,NA,NA,NA,0,8.52,NA,NA,NA,NA,NA,NA,NA,"unknown",NA,NA,NA,NA,NA,"Hastigerina pelagica",NA,FALSE,FALSE
"234","IF","Hastigerinella digitata","Microperforate","Large, pseudoplanispiral, stellate, biumbilicate",NA,"Triradiate","Narrow",NA,NA,NA,NA,NA,NA,0,2.65,NA,NA,NA,NA,NA,NA,NA,"unknown",NA,NA,NA,NA,NA,"Hastigerinella digitata",NA,FALSE,FALSE
"235",NA,"Hedbergella [ancestor]","Macroperforate",NA,NA,NA,NA,NA,NA,NA,NA,NA,NA,69.62,71.88,NA,NA,NA,NA,NA,NA,NA,NA,NA,NA,NA,NA,NA,"Hedbergella [ancestor]",NA,FALSE,FALSE
"236","TA_IF","Muricohedbergella holmdelensis","Macroperforate","Biconvex, very low trochospiral","Non-spinose","Smooth","Interiomarginal umbilical-extraumbilical low arch with narrow lip","NS-globular","Olsson et al. (1999)","Thermocline","This study","Cosmopolitan","Olsson et al. (1999)",64.99,70.71,63.556778,64.2135685,65.876076,65.94818,100,100,"Olsson et al. (1999)","n150n2t1","N1N3",NA,23370.0668480075,10.0592112879485,86.2491931469323,"Muricohedbergella holmdelensis","NS-globular",FALSE,FALSE
"237","TA_IF","Muricohedbergella monmouthensis","Macroperforate","Umbilico-convex, very low trochospiral","Non-spinose","Smooth","Interiomarginal umbilical-extraumbilical low arch with distinct narrow lip","NS-globular","Olsson et al. (1999)","Thermocline","Berggren & Norris (1997)","Cosmopolitan","Olsson et al. (1999)",64.99,69.31,52.783602,52.8063738,65.9016956,65.99544,28.57142857,100,"Olsson et al. (1999)","n356n151n152t153","N256N2N198T67",NA,24266.6720667018,10.0968591680456,87.888119923066,"Muricohedbergella monmouthensis","NS-globular",FALSE,FALSE
"238","TA","Hirsutella bermudezi","Macroperforate","Very small, low trochospiral, equatorial periphery subcirular, slightly biconvex","Non-spinose","Smooth","Interiomarginal umbilical-extraumbilical low arch with distinct thin lip","NS-globorotaliform, non-keeled","Kennett & Srinivasan (1983)","Sub-thermocline","This study","Low to middle latitudes","Kennett & Srinivasan (1983)",0,2.1,0.763453,1.3284028,14.9733422,15.31205,43.75,100,"D. R. M. Stewart unpublished data","t149","T124",NA,51280.2068347199,10.8450601250248,127.761484028016,"Globorotalia scitula","NS-rotaliform",FALSE,FALSE
"239","TA","Hirsutella challengeri","Macroperforate","Low trochospiral, unequally biconvex, equatorial periphery lobate","Non-spinose","Smooth","Interiomarginal umbilical-extraumbilical distinct arch with a prominent lip","NS-globorotaliform, non-keeled","Kennett & Srinivasan (1983)","Sub-thermocline","This study","Middle latitudes","Kennett & Srinivasan (1983)",9.16,15.16,6.533828,7.8275337,10.87941375,10.89806,40,16.66666667,"D. R. M. Stewart unpublished data","n102t103","T33",NA,56927.5097899608,10.9495339793752,134.612737740412,"Globorotalia challengeri","NS-rotaliform",FALSE,FALSE
"240","TA","Hirsutella cibaoensis","Macroperforate","Low trochospiral, biconvex, equatorial periphery subquadrate","Non-spinose","Smooth","Interiomarginal umbilical-extraumbilical low arch bordered by a thin lip","NS-globorotaliform, non-keeled","Kennett & Srinivasan (1983)","Sub-thermocline","This study","Low to middle latitudes","Kennett & Srinivasan (1983)",4.48,9.44,3.808782,4.4459114,8.582148,9.924022,100,100,"D. R. M. Stewart unpublished data","n108n132t133","N52N54T53",NA,103721.098910037,11.549460834564,181.701544266722,"Globorotalia cibaoensis","NS-rotaliform",FALSE,FALSE
"241","TA","Hirsutella evoluta","Macroperforate","As H. margaritae but larger with a more symmetrical profile","Non-spinose","Smooth","Interiomarginal umbilical-extraumbilical low slit bordered by a pronounced lip","NS-globorotaliform, non-keeled","D. R. M. Stewart unpublished data","Sub-thermocline","This study","Low to middle latitudes","This study",4.11,4.81,2.993489,3.058847,5.0503405,6.28379,100,100,"D. R. M. Stewart unpublished data","t141","N48","part of N48T50",193133.333333333,12.1711360756493,247.944044799688,"Globorotalia evoluta","NS-rotaliform",FALSE,FALSE
"242","TA_IF","Hirsutella gigantea","Macroperforate","Large, medium to low trochospiral, equatorial periphery slightly lobulate with keel-like rim","Non-spinose","Smooth","Interiomarginal umbilical-extraumbilical low slit bordered by a pronounced lip","NS-globorotaliform, keeled","D. R. M. Stewart unpublished data","Sub-thermocline","This study","Low to middle latitudes","D. R. M. Stewart unpublished data",8.76,14.78,11.321533,11.37143145,12.38642125,12.487384,100,28.57142857,"D. R. M. Stewart unpublished data","t661","N47N51","2 lineages N47 and N51N122T123; Start and end date were the wrong way round",135591.97845805,11.8174054968246,207.750492732068,"Globorotalia gigantea","NS-rotaliform",TRUE,FALSE
"243","TA","Hirsutella hirsuta","Macroperforate","Large, high trochospiral, highly convex on spiral side, concave on umbilical side","Non-spinose","Smooth","Interiomarginal umbilical-extraumbilical low arch bordered by a thin lip","NS-globorotaliform, anguloconical","Kennett & Srinivasan (1983)","Sub-thermocline","This study","Low to middle latitudes","Kennett & Srinivasan (1983)",0,4.34,0.003513,0.086359,6.805833,8.303938,100,100,"D. R. M. Stewart unpublished data","t146","T50","part of N48T50",367286.931808534,12.8138986521074,341.922595715416,"Globorotalia hirsuta","NS-rotaliform",FALSE,FALSE
"244","TA","Hirsutella juanai","Macroperforate","Small, very low trochospiral, biconvex, equatorial periphery slightly lobate","Non-spinose","Smooth","Interiomarginal umbilical-extraumbilical low arch or slit bordered by a thin lip","NS-globorotaliform, non-keeled","Kennett & Srinivasan (1983)","Sub-thermocline","This study","Low to middle latitudes","Kennett & Srinivasan (1983)",4.81,9.69,4.185769,5.3873689,8.6056617,9.285671,100,85.71428571,"D. R. M. Stewart unpublished data","t104","T33",NA,169503.787878788,12.0406305529204,232.281577890754,"Globorotalia juanai","NS-rotaliform",FALSE,FALSE
"245","TA","Hirsutella margaritae","Macroperforate","Low trochospiral, compressed, spiral side convex, umbilical side concave with thin keel","Non-spinose","Smooth","Interiomarginal umbilical-extraumbilical low slit bordered by a pronounced lip","NS-globorotaliform, keeled","Kennett & Srinivasan (1983)","Sub-thermocline","This study","Low to middle latitudes","Kennett & Srinivasan (1983)",3.84,5.9,2.253823,3.431515,6.5657202,14.690148,84.61538462,100,"D. R. M. Stewart unpublished data","n139n142n144t145","N48T50",NA,125724.41893424,11.7418476393094,200.048307869578,"Globorotalia margaritae","NS-rotaliform",TRUE,FALSE
"246","TA","Hirsutella praemargaritae","Macroperforate","Medium to low trochospiral, equatorial periphery slightly lobulate with keel-like rim","Non-spinose","Smooth","Interiomarginal umbilical-extraumbilical low slit bordered by a pronounced lip","NS-globorotaliform, keeled","D. R. M. Stewart unpublished data","Sub-thermocline","This study","Low to middle latitudes","This study",5.72,8.41,6.22982,6.2390927,6.4060013,6.415274,100,25,"D. R. M. Stewart unpublished data","n136t137","N48","part of N48T50",94551.0204081632,11.4568948662882,173.483499344127,"Globorotalia praemargaritae","NS-rotaliform",TRUE,FALSE
"247","TA","Hirsutella praescitula","Macroperforate","Low trochospiral, biconvex, equatorial periphery subangular","Non-spinose","Smooth","Interiomarginal umbilical-extraumbilical low arch bordered by a thin lip","NS-globorotaliform, non-keeled","Kennett & Srinivasan (1983)","Sub-thermocline","Pearson et al. (2001b)","Low to middle latitudes","Kennett & Srinivasan (1983)",11.9,18.5,6.04093,11.9179278,18.4225085,23.849439,77.77777778,100,"D. R. M. Stewart unpublished data","n55n71n101n105n631t106","N25N26N32","2 lineages N25 and N26N32",69815.9619136573,11.1536179433184,149.074179154366,"Globorotalia praescitula","NS-rotaliform",FALSE,FALSE
"248","TA","Hirsutella primitiva","Macroperforate","As H. margaritae but smaller and lacking a complete keel","Non-spinose","Smooth","Interiomarginal umbilical-extraumbilical low slit bordered by a pronounced lip","NS-globorotaliform, keeled","D. R. M. Stewart unpublished data","Sub-thermocline","This study","Low to middle latitudes","This study",4.81,5.91,3.561025,3.8406784,6.287196,6.611295,100,100,"D. R. M. Stewart unpublished data","n138t140","N48","part of N48T50",71710.3883219955,11.1803909020341,151.083174261629,"Globorotalia primitiva","NS-rotaliform",TRUE,FALSE
"249","TA","Hirsutella scitula","Macroperforate","Medium to low trochospiral, equatorial periphery slightly lobulate with keel-like rim","Non-spinose","Smooth","Interiomarginal umbilical-extraumbilical low slit bordered by a pronounced lip","NS-globorotaliform, keeled","Kennett & Srinivasan (1983)","Sub-thermocline","Shackleton & Vincent (1978); D. R. M. Stewart unpublished data","Low to middle latitudes","Kennett & Srinivasan (1983)",0,14.81,0,0.3081244,12.2631174,56.599841,34.48275862,100,"D. R. M. Stewart unpublished data","n660n135n107n147t148","N47N51N122T123","2 lineages N47 and N51N122T123",188580.115130928,12.1472782095345,245.00390809914,"Globorotalia scitula","NS-rotaliform",TRUE,FALSE
"250","TA","Hirsutella theyeri","Macroperforate","Large, thin, planoconvex to biconvex, markedly flaring chambers in final whorl with a thin discontinous peripheral keel","Non-spinose","Smooth","Interiomarginal umbilical-extraumbilical low arch bordered by a distinct but thin lip","NS-globorotaliform, keeled","Kennett & Srinivasan (1983)","Sub-thermocline","This study","Low latitudes","Kennett & Srinivasan (1983)",0,4.6,0.313029,0.3505802,2.35698995,3.174921,100,100,"D. R. M. Stewart unpublished data","t143","T49",NA,463301.472305942,13.046133249267,384.022706253793,"Globorotalia eastropacia","NS-rotaliform",TRUE,FALSE
"251","TA","Igorina albeari","Macroperforate","Biconvex, trochospiral","Non-spinose","Smooth","Interiomarginal umbilical-extraumbilical low slit with distinct thin lip","NS-turborotaliform, keeled","Olsson et al. (1999)","Symbiotic SML","Berggren & Norris (1997)","Tropical to sub-tropical","Olsson et al. (1999)",56.3,60,55.206402,55.9790504,60.3088612,60.361576,66.66666667,66.66666667,"Olsson et al.  (1999)","t166","T73",NA,60343.1539243653,11.0078027805609,138.592288593686,"Igorina albeari","NS-rotaliform",TRUE,FALSE
"252","TA_IF","Pearsonites anapetes","Macroperforate","Low trochospiral, subcircular, subtriangular chambers","Non-spinose","Muricate","Continous circum-umbilical low arching slit","NS-globular","Berggren et al. (2006a)","Symbiotic SML","This study","Low to middle latitudes","Berggren et al. (2006a)",43.6,45.4,NA,NA,NA,NA,NA,0,"Berggren et al. (2006a)","t175","T74",NA,84078.1781379343,11.3395023371183,163.593750839164,"Pearsonites anapetes","NS-globular",FALSE,FALSE
"253","TA_IF","Pearsonites broedermanni","Macroperforate","Umbilico-convex to weakly biconvex, low trochospiral","Non-spinose","Smooth","Low slit extending towards peripheral margin","NS-globular","Berggren et al. (2006a)","Symbiotic SML","Pearson et al. (1993, 2001a)","Low to middle latitudes","Berggren et al. (2006a)",43.7,55.6,36.817603,42.62834215,51.6578629,54.296366,78.94736842,92.30769231,"Berggren et al. (2006a)","n173t174","T74",NA,78046.4690516159,11.2650596853509,157.616505102945,"Pearsonites broedermanni","NS-globular",FALSE,FALSE
"254","TA_IF","Pearsonites lodoensis","Macroperforate","Biconvex, low trochospiral","Non-spinose","Smooth","Interiomarginal umbilical-extraumbilical arch","NS-globular","Berggren et al. (2006a)","Symbiotic SML","This study","Low to middle latitudes","Berggren et al. (2006a)",50.5,55.8,NA,NA,NA,NA,NA,0,"Berggren et al. (2006a)","n171t172","T74",NA,44935.9323840421,10.7129930294943,119.597456171638,"Pearsonites lodoensis","NS-globular",FALSE,FALSE
"255","TA","Igorina pusilla","Macroperforate","Biconvex, low trochospiral","Non-spinose","Smooth","Interiomarginal umbilical-extraumbilical low arch with narrow lip","NS-globular","Olsson et al. (1999)","Symbiotic SML","This study","Low to middle latitudes","Olsson et al. (1999)",60,61,31.227114,53.61895875,60.18219925,60.611083,33.33333333,100,"Olsson et al.  (1999)","n165n167t168","N72",NA,31465.2777777778,10.3566399240733,100.078514118595,"Igorina pusilla","NS-globular",FALSE,FALSE
"256","TA","Igorina tadjikistanensis","Macroperforate","Biconvex, trochospiral","Non-spinose","Smooth","Interiomarginal umbilical-extraumbilical low arch bordered by a thin lip","NS-globular","Olsson et al. (1999)","Symbiotic SML","Berggren & Norris (1997)","Low to middle latitudes","Olsson et al. (1999)",55.5,60.5,48.073062,49.27266215,60.2065946,60.851075,84.61538462,100,"Olsson et al.  (1999)","n169t170","T74",NA,43488.2584243754,10.6802462593627,117.655185136033,"Igorina tadjikistanensis","NS-globular",FALSE,FALSE
"257",NA,"Jenkinsina columbiana","Microperforate",NA,NA,NA,NA,NA,NA,NA,NA,NA,NA,21.8,63.67,NA,NA,NA,NA,NA,NA,NA,NA,NA,NA,NA,NA,NA,"Jenkinsina columbiana",NA,FALSE,FALSE
"258","IF","Jenkinsina triseriata","Microperforate","Triangular, elongate, lobulate periphery",NA,"Microperforate","Semi-circular or low, interiomarginal arch open to the umbilicus and extending part to half-way up the final chamber face, bordered by a distinct lip",NA,NA,NA,NA,NA,NA,27.6,50.4,NA,NA,NA,NA,NA,NA,NA,"Jenkinsina columbiana",NA,NA,NA,NA,NA,"Jenkinsina triseriata",NA,FALSE,FALSE
"259","TA","Menardella archeomenardii","Macroperforate","Lenticular, low trochospiral, prominent keel and densely perforate surface","Non-spinose","Smooth","Interiomarginal umbilical-extraumbilical low-arched slit with distinct lip","NS-globorotaliform, keeled","Kennett & Srinivasan (1983)","Thermocline","Pearson & Shackleton (1995); D. R. M. Stewart unpublished data","Low latitudes","Kennett & Srinivasan (1983)",13.84,16.26,0.008995,0.1944224,14.98797665,15.729386,43.75,100,"D. R. M. Stewart unpublished data","n72t73","N30T31","2 lineages N30 and T31",77687.5424092692,11.2604501941486,157.253657452515,"Globorotalia archeomenardii","NS-rotaliform",TRUE,FALSE
"260","TA","Menardella exilis","Macroperforate","Lenticular, low trochospiral, prominent keel and densely perforate surface","Non-spinose","Smooth","Interiomarginal umbilical-extraumbilical low-arched slit","NS-globorotaliform, keeled","Kennett & Srinivasan (1983)","Thermocline","This study","Low latitudes","Kennett & Srinivasan (1983)",2.09,4.45,0.760168,1.20771,4.498874,6.936157,100,100,"D. R. M. Stewart unpublished data","n85t86","T38",NA,485223.006590002,13.0923638716427,393.00290075446,"Globorotalia exilis","NS-rotaliform",TRUE,FALSE
"261","TA","Menardella fimbriata","Macroperforate","Lenticular, low trochospiral, prominent keel and densely perforate surface","Non-spinose","Smooth","Interiomarginal umbilical-extraumbilical low-arched slit","NS-globorotaliform, keeled","Kennett & Srinivasan (1983)","Thermocline","This study","Low latitudes","Kennett & Srinivasan (1983)",0,0.19,NA,NA,NA,NA,NA,0,"D. R. M. Stewart unpublished data","t91","T44","part of N34N40T44",350347.222222222,12.7666800051879,333.944582873211,"Globorotalia fimbriata","NS-rotaliform",TRUE,FALSE
"262","TA","Menardella limbata","Macroperforate","Lenticular, low trochospiral, prominent keel and densely perforate surface","Non-spinose","Smooth","Interiomarginal umbilical-extraumbilical low-arched slit with lip","NS-globorotaliform, keeled","Kennett & Srinivasan (1983)","Thermocline","This study","Low latitudes","Kennett & Srinivasan (1983)",2.39,10.64,0.940258,2.51916275,10.11315075,16.441242,76.47058824,100,"D. R. M. Stewart unpublished data","n79n77n83t84","N35N37T39",NA,182424.082361363,12.114089378397,240.971759535486,"Globorotalia limbata","NS-rotaliform",TRUE,FALSE
"263","TA","Menardella menardii","Macroperforate","Lenticular, low trochospiral, prominent keel and densely perforate surface","Non-spinose","Smooth","Interiomarginal umbilical-extraumbilical low-arched slit with thick lip","NS-globorotaliform, keeled","Kennett & Srinivasan (1983)","Thermocline","Shackleton & Vincent (1978); Pearson & Shackleton (1995); D. R. M. Stewart unpublished data","Low latitudes","Kennett & Srinivasan (1983)",0,13.1,0,0.5355811,11.0749703,17.413121,89.47368421,100,"D. R. M. Stewart unpublished data","n76n88n89t90","N34N40T44",NA,423387.713889842,12.9560436195241,367.10828786598,"Globorotalia cultrata","NS-rotaliform",TRUE,FALSE
"264","TA","Menardella miocenica","Macroperforate","Lenticular, planoconvex, low trochospiral, prominent keel and densely perforate surface","Non-spinose","Smooth","Interiomarginal umbilical-extraumbilical low-arched slit with thin lip","NS-globorotaliform, keeled","Kennett & Srinivasan (1983)","Thermocline","This study","Low latitudes","Kennett & Srinivasan (1983)",2.39,3.77,0.395245,2.1401482,5.2678292,9.269309,90,100,"FAD: Chassion & Pearson (1997); LAD: D. R. M. Stewart unpublished data","t82","T39","part of N35N37T39",183830.382471614,12.1217687770471,241.898797272045,"Globorotalia miocenica","NS-rotaliform",TRUE,FALSE
"265","TA","Menardella multicamerata","Macroperforate","Lenticular, low trochospiral, prominent keel and densely perforate surface","Non-spinose","Smooth","Interiomarginal umbilical-extraumbilical low-arched slit with distinct lip","NS-globorotaliform, keeled","Kennett & Srinivasan (1983)","Thermocline","D. R. M. Stewart unpublished data","Low latitudes","Kennett & Srinivasan (1983)",2.99,6.55,1.349019,2.5408482,7.57833025,20.333056,60,100,"D. R. M. Stewart unpublished data","t78","T36",NA,388990.315734137,12.8713097270057,351.879898726725,"Globorotalia multicamerata","NS-rotaliform",TRUE,FALSE
"266","TA","Menardella pertenuis","Macroperforate","Lenticular, low trochospiral, prominent keel and densely perforate surface","Non-spinose","Smooth","Umbilical-extraumbilical low-arched slit with flaring lip forming a thin plate extending over the umbilical area","NS-globorotaliform, keeled","Kennett & Srinivasan (1983)","Thermocline","This study","Low latitudes","Kennett & Srinivasan (1983)",1.8,3.51,0.395245,1.907748,6.410552,7.289977,100,100,"FAD: Chassion & Pearson (1997); LAD: D. R. M. Stewart unpublished data","t87","T38",NA,894162.341407151,13.7036426276111,533.498559626118,"Globorotalia pertenuis","NS-rotaliform",TRUE,FALSE
"267","TA","Menardella praemenardii","Macroperforate","Lenticular, low trochospiral, prominent keel and densely perforate surface","Non-spinose","Smooth","Interiomarginal umbilical-extraumbilical low-arched slit with distinct lip","NS-globorotaliform, keeled","Kennett & Srinivasan (1983)","Thermocline","Pearson & Shackleton (1995); D. R. M. Stewart unpublished data","Low latitudes","Kennett & Srinivasan (1983)",13.09,14.06,2.377795,9.1555162,14.9350714,18.074988,88.23529412,100,"FAD: Chassion & Pearson (1997); LAD: D. R. M. Stewart unpublished data","n74t75","N34","part of N34N40T44",132095.387583537,11.7912795738035,205.054304483274,"Globorotalia praemenardii","NS-rotaliform",TRUE,FALSE
"268","TA","Menardella pseudomiocenica","Macroperforate","Lenticular, low trochospiral, prominent keel and densely perforate surface","Non-spinose","Smooth","Interiomarginal umbilical-extraumbilical low-arched slit with lip","NS-globorotaliform, keeled","Kennett & Srinivasan (1983)","Thermocline","D. R. M. Stewart unpublished data","Low latitudes","Kennett & Srinivasan (1983)",2.3,7.64,0.390693,2.2923,7.02152815,7.662307,100,100,"FAD: Chassion & Leckie (1993); LAD: D. R. M. Stewart unpublished data","n80t81","T39","part of N35N37T39",168323.412698413,12.0336424833878,231.471394211248,"Globorotalia pseudomiocenica","NS-rotaliform",TRUE,FALSE
"269","TA","Morozovella acuta","Macroperforate","Umbilico-convex, trochospiral, keeled periphery","Non-spinose","Muricate","Interiomarginal umbilical-extraumbilical slit with triangular circumumbilical teeth","NS-muricocarinate, keeled","Olsson et al. (1999)","Symbiotic SML","Shackleton et al. (1985)","Low to middle latitudes","Olsson et al. (1999)",54.7,57.1,49.741615,53.8064214,58.3390819,58.432891,70,83.33333333,"Olsson et al.  (1999)","t188","T78","part of N80N368N370T78",102826.388888889,11.5407973003149,180.916157774568,"Morozovella acuta","NS-muricocarinate",TRUE,FALSE
"270","TA","Morozovella acutispira","Macroperforate","Biconvex, trochospiral, keeled periphery","Non-spinose","Muricate","Interiomarginal umbilical-extraumbilical low arch","NS-muricocarinate, keeled","Olsson et al. (1999)","Symbiotic SML","Berggren & Norris (1997)","Low to middle latitudes","Olsson et al. (1999)",56.5,59.4,56.015755,56.01840985,59.8684405,60.361576,80,75,"Olsson et al.  (1999)","t182","N79T82","2 lineages N79 and T82",169360.365190516,12.0397840621038,232.183286581611,"Morozovella acutispira","NS-muricocarinate",TRUE,FALSE
"271","TA","Morozovella aequa","Macroperforate","Umbilico-convex, low trochospiral, keeled periphery","Non-spinose","Muricate","Interiomarginal umbilical-extraumbilical low slit","NS-muricocarinate, keeled","Olsson et al. (1999)","Symbiotic SML","Lu & Keller (1996); Berggren & Norris (1997)","Cosmopolitan","Olsson et al. (1999)",50.8,56.5,47.895013,50.2311514,58.080396,58.311847,83.33333333,71.42857143,"Olsson et al.  (1999)","n199t251","N83N84T85",NA,124496.492235144,11.7320328196719,199.068993752543,"Morozovella aequa","NS-muricocarinate",TRUE,FALSE
"272","TA","Morozovella allisonensis","Macroperforate","Low to medium trochospiral, subcircular","Non-spinose","Muricate","Interiomarginal umbilical-extraumbilical low arch","NS-muricocarinate, keeled","Berggren & Pearson (2006)","Symbiotic SML","Kelly et al. (1998)","Low latitudes","Berggren & Pearson (2006)",55.3,55.5,NA,NA,NA,NA,NA,0,"Berggren & Pearson (2006)","t657","T369",NA,79613.9838234054,11.2849450325767,159.191451182111,"Morozovella allisonensis","NS-muricocarinate",TRUE,FALSE
"273","TA","Morozovella angulata","Macroperforate","Umbilico-convex, trochospiral, keeled periphery","Non-spinose","Muricate","Interiomarginal umbilical-extraumbilical low arch with weakly developed lip","NS-muricocarinate, keeled","Olsson et al. (1999)","Symbiotic SML","Douglas & Savin (1978); Boersma & Premoli Silva (1983); Shackleton et al. (1985)","Low to middle latitudes","Olsson et al. (1999)",59.1,61,6.158449,56.33547835,60.5522656,61.058834,14.28571429,100,"Olsson et al.  (1999)","n177n189t190","N76N101N83","2 lineages N76N101 and N83N84T85",78203.7037037037,11.2670722873518,157.775194581014,"Morozovella angulata","NS-muricocarinate",TRUE,FALSE
"274","TA","Morozovella apanthesma","Macroperforate","Umbilico-convex, low trochospiral, weakly keeled periphery","Non-spinose","Muricate","Interiomarginal umbilical-extraumbilical arch with narrow continuous intraperiumbilical lip","NS-muricocarinate, keeled","Olsson et al. (1999)","Symbiotic SML","Lu & Keller (1996); Berggren & Norris (1997)","Northern middle latitudes to the Southern Ocean","Olsson et al. (1999)",54.9,60.2,51.706334,52.7648549,58.8633893,59.06231,55.55555556,66.66666667,"Olsson et al.  (1999)","n191n192t193","N83","part of N83N84T85",172296.827508847,12.0569740097455,234.187496579492,"Morozovella apanthesma","NS-muricocarinate",TRUE,FALSE
"275","TA","Morozovella aragonensis","Macroperforate","Umbilico-convex, low trochospiral, keeled periphery","Non-spinose","Muricate","Umbilical-extraumbilical low arch extending to peripheral margin","NS-muricocarinate, anguloconical","Berggren & Pearson (2006)","Symbiotic SML","Boersma et al. (1987); Pearson et al. (1993, 2001a)","Low latitudes","Berggren & Pearson (2006)",43.6,52.3,1.582162,43.653507,51.312279,51.960569,21.56862745,90,"Berggren & Pearson (2006)","t214","T95","part of N94T95",211307.413396172,12.2610692876843,259.347717761169,"Morozovella aragonensis","NS-muricocarinate",FALSE,FALSE
"276","TA","Morozovella caucasica","Macroperforate","Umbilico-convex, low trochospiral, keeled periphery","Non-spinose","Muricate","Umbilical-extraumbilical low slit extending to periphery","NS-muricocarinate, anguloconical","Berggren & Pearson (2006)","Symbiotic SML","This study","Low latitudes","Berggren & Pearson (2006)",44.16,50.8,43.718216,44.89055505,48.055207,49.264428,100,83.33333333,"FAD: Berggren & Pearson (2006); LAD: NEPTUNE","t210","T97",NA,243880.681616106,12.404434374901,278.62094682139,"Morozovella caucasica","NS-muricocarinate",FALSE,FALSE
"277","TA","Morozovella conicotruncata","Macroperforate","Umbilico-convex,  low trochospiral, keeled periphery","Non-spinose","Muricate","Interiomarginal umbilical-extraumbilical low slit","NS-muricocarinate, keeled","Olsson et al. (1999)","Symbiotic SML","Boersma & Premoli Silva (1983); Berggren & Norris (1997)","Low latitudes","Olsson et al. (1999)",58.5,60.9,56.015755,56.100198,60.366245,60.611083,100,100,"Olsson et al.  (1999)","n178t179","N80","part of N80N368N370T78",85438.2716049383,11.3555494246465,164.911632428727,"Morozovella conicotruncata","NS-muricocarinate",TRUE,FALSE
"278","TA","Morozovella crater","Macroperforate","Umbilico-convex,  low trochospiral, keeled periphery","Non-spinose","Muricate","Interiomarginal umbilical-extraumbilical low slit with thin lip","NS-muricocarinate, anguloconical","Berggren & Pearson (2006)","Symbiotic SML","This study","Low latitudes","Berggren & Pearson (2006)",43.9,53.5,48.121659,48.24581975,49.45960005,49.571795,100,18.18181818,"Berggren & Pearson (2006)","n209t211","N98T96",NA,194282.896581384,12.1770706056618,248.680853099465,"Morozovella crater","NS-muricocarinate",FALSE,FALSE
"279","TA","Morozovella edgari","Macroperforate","Low to moderately conical trochospiral, weakly lobulate peripheral outline","Non-spinose","Muricate","Interiomarginal umbilical-extraumbilical low arch","NS-muricocarinate, anguloconical","Berggren & Pearson (2006)","Symbiotic SML","Kelly et al. (2001)","Low latitudes","Berggren & Pearson (2006)",54,54.9,31.227114,33.5529186,55.7055006,55.841094,12,100,"Berggren & Pearson (2006)","t659","T371",NA,40115.7979703229,10.5995255000583,113.001128693945,"Morozovella edgari","NS-muricocarinate",FALSE,FALSE
"280","TA","Morozovella formosa","Macroperforate","Umbilico-convex, trochospiral","Non-spinose","Muricate","Umbilical-extraumbilical low arch extending to periphery","NS-muricocarinate, anguloconical","Berggren & Pearson (2006)","Symbiotic SML","This study","Low latitudes","Berggren & Pearson (2006)",50.8,54,51.221589,51.22266955,51.24211945,51.2432,100,25,"Berggren & Pearson (2006)","t203","T92",NA,267953.162213177,12.498567476358,292.048181926653,"Morozovella formosa","NS-muricocarinate",FALSE,FALSE
"281","TA","Morozovella gracilis","Macroperforate","Umbilico-convex, low trochospiral","Non-spinose","Muricate","Interiomarginal umbilical-extraumbilical low arch","NS-muricocarinate, keeled","Olsson et al. (1999)","Symbiotic SML","This study","Cosmopolitan","Olsson et al. (1999)",50.8,54.75,46.18169,50.08120815,54.72124685,54.838008,33.33333333,33.33333333,"Olsson et al.  (1999)","n201t202","T92",NA,176531.424269247,12.0812541806936,237.047880325909,"Morozovella gracilis","NS-muricocarinate",TRUE,FALSE
"282","TA","Morozovella lensiformis","Macroperforate","Biconvex to umbilico-convex, low trochospiralkeeled periphery","Non-spinose","Muricate","Umbilical-extraumbilical low slit extending to periphery","NS-muricocarinate, anguloconical","Berggren & Pearson (2006)","Symbiotic SML","Boersma et al. (1987)","Low latitudes","Berggren & Pearson (2006)",50.6,54,43.718216,48.29555505,53.161126,53.271723,54.54545455,75,"Berggren & Pearson (2006)","n208n212t213","N94T95",NA,150357.759655803,11.9207727976988,218.770110762161,"Morozovella lensiformis","NS-muricocarinate",FALSE,FALSE
"283","TA","Morozovella marginodentata","Macroperforate","Biconvex, low trochospiral","Non-spinose","Muricate","Umbilical-extraumbilical low arch","NS-muricocarinate, keeled","Berggren & Pearson (2006)","Symbiotic SML","This study","Low latitudes","Berggren & Pearson (2006)",51.6,54.8,49.741615,50.642566,55.4735206,55.831696,85.71428571,100,"Berggren & Pearson (2006)","t205","T91",NA,164542.712065594,12.0109254633001,228.857099409154,"Morozovella marginodentata","NS-muricocarinate",TRUE,FALSE
"284","TA","Morozovella occlusa","Macroperforate","Biconvex to umbilico-convex, trochospiral, keeled periphery","Non-spinose","Muricate","Interiomarginal umbilical-extraumbilical arch with distinct lip","NS-muricocarinate, keeled","Olsson et al. (1999)","Symbiotic SML","Shackleton et al. (1985); Lu & Keller (1996)","Low to middle latitudes","Olsson et al. (1999)",54.5,59.35,49.983842,54.147108,58.1802908,60.384921,66.66666667,83.33333333,"Olsson et al. (1999)","t184","N79T81","2 lineages N79 and T81",199287.494146899,12.2025037553455,251.863414532068,"Morozovella occlusa","NS-muricocarinate",TRUE,FALSE
"285","TA","Morozovella pasionensis","Macroperforate","Umbilico-convex, low trochospiral, keeled periphery","Non-spinose","Muricate","A low slit extending al.ong peri-intraumbilical margin to peripheral margin of last chamber","NS-muricocarinate, keeled","Olsson et al. (1999)","Symbiotic SML","Shackleton et al. (1985); Lu & Keller (1996)","Low latitudes","Olsson et al. (1999)",54.5,59.5,NA,NA,NA,NA,NA,0,"Olsson et al. (1999)","n181n183t185","N79T82","2 lineages N79 and T82",262704.15701782,12.4787837997503,289.173529771227,"Morozovella pasionensis","NS-muricocarinate",TRUE,FALSE
"286","TA","Morozovella praeangulata","Macroperforate","Umbilico-convex, trochospiral","Non-spinose","Muricate","Interiomarginal umbilical-extraumbilical slit with intraperiumbilical lip","NS-muricocarinate, keeled","Olsson et al. (1999)","Symbiotic SML","Shackleton et al. (1985)","Low to middle latitudes","Olsson et al. (1999)",60,61.4,58.277137,58.2893474,58.6047218,58.627553,100,0,"Olsson et al. (1999)","n176n215t216","N76N101",NA,47693.8362352636,10.7725574491404,123.212903478958,"Morozovella praeangulata","NS-muricocarinate",TRUE,FALSE
"287","TA","Morozovella subbotinae","Macroperforate","Umbilico-convex, low trochospiral, keeled periphery","Non-spinose","Muricate","Interiomarginal umbilical-extraumbilical small slit with weak lip","NS-muricocarinate, keeled","Olsson et al. (1999)","Symbiotic SML","D'hondt et al. (1994)","Low to middle latitudes","Olsson et al. (1999)",50.8,55.9,35.83954,43.60432875,55.9150615,63.478911,44.82758621,100,"Olsson et al. (1999)","n200n204n206t207","N88N89N90T93",NA,110892.228935606,11.6163140981655,187.877866634576,"Morozovella subbotinae","NS-muricocarinate",TRUE,FALSE
"288","TA","Morozovella velascoensis","Macroperforate","Umbilico-convex, trochospiral, keeled periphery","Non-spinose","Muricate","Interiomarginal umbilical-extraumbilical low arch","NS-muricocarinate, anguloconical","Olsson et al. (1999)","Symbiotic SML","Berggren & Norris (1997)","Low to middle latitudes","Olsson et al. (1999)",54.5,60,47.895013,52.50776505,59.10982895,60.361576,92.85714286,100,"Olsson et al. (1999)","n180n186n656n658t187","N80N368N370T78",NA,153335.805882511,11.9403856049879,220.92601231716,"Morozovella velascoensis","NS-muricocarinate",FALSE,FALSE
"289","TA","Morozovelloides bandyi","Macroperforate","Planoconvex to lenticular, low trochospiral, keeled periphery","Non-spinose","Muricate","Umbilical-extraumbilical low flat arch","NS-muricate, acarininiform","Pearson & Berggren (2006)","Symbiotic SML","Boersma et al. (1987); Pearson et al. (1993, 2001a)","Cosmopolitan","Pearson & Berggren (2006)",42.3,48.1,36.817603,38.3670589,47.9211254,48.290205,92.30769231,100,"Pearson & Berggren (2006)","n268t269","N137N139T141","2 lineages N137N139T143 and T141",111968.164492932,11.625969864273,188.787112102371,"Morozovelloides bandyi","NS-muricate",FALSE,FALSE
"290","TA","Morozovelloides coronatus","Macroperforate","Low trochospiral, spiral side weakly convex, umbilical side distinctly convex, keeled periphery","Non-spinose","Muricate","Interiomarginal umbilical-extraumbilical low slit","NS-muricocarinate, anguloconical","Pearson & Berggren (2006)","Symbiotic SML","Wade et al. (2001); Wade & Kroon (2002)","Low latitudes","Pearson & Berggren (2006)",40.1,45.4,NA,NA,NA,NA,NA,0,"Pearson & Berggren (2006)","n272t273","N137N139T143",NA,199033.218895065,12.2012270188964,251.702684239326,"Morozovelloides coronatus","NS-muricocarinate",FALSE,FALSE
"291","TA","Morozovelloides crassatus","Macroperforate","Low trochospiral, asymmetrically biconvex, elongate ovalweakly to moderately lobulate, keeled periphery","Non-spinose","Muricate","Interiomarginal umbilical-extraumbilical low slit","NS-muricate, acarininiform","Pearson & Berggren (2006)","Symbiotic SML","Boersma et al. (1987); Pearson et al. (1993, 2001a); Wade et al. (2001); Wade & Kroon (2002); Wade et al. (2008)","Low latitudes","Pearson & Berggren (2006)",38,45.9,39.326508,40.01655,51.470314,51.960569,84.61538462,62.5,"Pearson & Berggren (2006)","n270t271","N137N139T143",NA,145947.916666667,11.8910051018855,215.53808188561,"Morozovelloides crassatus","NS-muricate",FALSE,FALSE
"292","TA","Morozovelloides lehneri","Macroperforate","Low trochospiral, biconvex, elongate oval, strongly lobulate, strongly fimbriate keeled periphery","Non-spinose","Muricate","Interiomarginal umbilical-extraumbilical low slit","NS-muricate, acarininiform","Pearson & Berggren (2006)","Symbiotic SML","Boersma et al. (1987); Pearson et al. ( 2007)","Low latitudes","Pearson & Berggren (2006)",40.1,44.65,37.762437,40.23354,42.68632975,42.895975,50,40,"Pearson & Berggren (2006)","t274","T138",NA,211334.244261945,12.2611962551297,259.364182642394,"Morozovelloides lehneri","NS-muricate",FALSE,FALSE
"293","PP_IF","Mutabella mirabilis","Microperforate",NA,NA,"Microperforate",NA,NA,NA,NA,NA,NA,NA,13.89,19.05,NA,NA,NA,NA,NA,NA,NA,"Globigerinita glutinata",NA,NA,NA,NA,NA,"Mutabella mirabilis",NA,FALSE,FALSE
"294","TA","Neogloboquadrina acostaensis","Macroperforate","Low trochospiral, equatorial periphery strongly lobulate","Non-spinose","Cancellate","Interiomarginal umbilical-extraumbilical low arch with distinct rim or plate covering much of the umbilicus","NS-globular","Kennett & Srinivasan (1983)","Thermocline","Pearson & Shackleton (1995)","Low latitudes","Kennett & Srinivasan (1983)",1.8,9.83,0.15703,2.085045,9.434197,34.205864,40,100,"Kennett & Srinivasan (1983)","n311n320t312","N157N160T161","part of N23N156N157N160T161",97315.8529779235,11.485717183761,176.001699097711,"Neogloboquadrina acostaensis","NS-globular",FALSE,FALSE
"295","TA","Neogloboquadrina dutertrei","Macroperforate","Trochospiral, globose, spiral side flat to slightly convex","Non-spinose","Cancellate","Umbilical-extraumbilical broad deep opening with tooth-like umbilical plates often present","NS-globular","Kennett & Srinivasan (1983)","Thermocline","Kahn (1979); Shackleton & Vincent (1978)","Low latitudes","Kennett & Srinivasan (1983)",0,6.99,0,0.3486328,5.189689,10.465982,100,100,"FAD: Chaisson & Leckie (1993); LAD: Kennett & Srinivasan (1983)","t324","T158",NA,190645.448835095,12.1581706931681,246.341898832003,"Neogloboquadrina dutertrei","NS-globular",FALSE,FALSE
"296","TA","Neogloboquadrina humerosa","Macroperforate","Low trochospiral, equatorial periphery lobulate, chambers ovate","Non-spinose","Cancellate","Interiomarginal umbilical-extraumbilical low to medium arch with distinct rim","NS-globular","Kennett & Srinivasan (1983)","Thermocline","This study","Low latitudes","Kennett & Srinivasan (1983)",1.6,8.5,0.028103,1.4660072,7.7844139,10.765599,100,100,"Chaisson & Pearson (1997)","n322t323","T158",NA,144261.113595765,11.879380225394,214.288913967603,"Neogloboquadrina humerosa","NS-globular",FALSE,FALSE
"297","IF","Neogloboquadrina incompta","Macroperforate","Low trochospiral, lobulate rounded periphery, right coiling","Non-spinose","Cancellate","Interiomarginal umbilical-extraumbilical low arch with a thick apertural rim","NS-globular","Darling et al (2006)","High latitude","Darling et al (2006)","Low to high latitudes","Kennett & Srinivasan (1983)",0,10.4,NA,NA,NA,NA,NA,NA,"Darling et al (2006)",NA,NA,NA,NA,NA,NA,"Neogloboquadrina incompta","NS-globular",FALSE,FALSE
"298","IF","Neogloboquadrina inglei","Macroperforate",NA,"Non-spinose","Cancellate","Umbilical-extraumbilical aperture with a thin lip",NA,NA,NA,NA,NA,NA,0.13,3.6,NA,NA,NA,NA,NA,NA,"Kucera & Kennett (2000)",NA,NA,NA,NA,NA,NA,"Neogloboquadrina inglei",NA,FALSE,FALSE
"299","TA_IF","Neogloboquadrina pachyderma","Macroperforate","Low trochospiral, lobulate rounded periphery, left coiling","Non-spinose","Cancellate","Interiomarginal umbilical-extraumbilical low arch with a thick apertural rim","NS-globular","Kennett & Srinivasan (1983)","High latitude","Vergnaud-Grazzini (1976)","Low to high latitudes","Kennett & Srinivasan (1983)",0,10.8,0,0.2945146,6.9097651,24.103849,73.07692308,100,"Chaisson & Pearson (1997)","t321","T159",NA,83733.815460677,11.3353981827817,163.258388051036,"Neogloboquadrina pachyderma","NS-globular",FALSE,FALSE
"300","TA","Orbulina suturalis","Macroperforate","Almost spherical, final chamber not entirely enveloping earlier test","Spinose","Hispid","Areal aperturessupplementary apertures al.ong sutures separating earlier and  final chambers","S-spherical","Kennett & Srinivasan (1983)","Thermocline","D. R. M. Stewart unpublished data","Low to middle latitudes","Kennett & Srinivasan (1983)",0,15.1,0.644949,3.76437095,14.7231821,23.932578,79.16666667,100,"Kennett & Srinivasan (1983)","n557t630","T338",NA,140555.534571361,11.8533579535129,211.518831813888,"Orbulina suturalis","S-spherical",FALSE,FALSE
"301","TA","Orbulina universa","Macroperforate","Completely spherical with final chamber entirely enveloping earlier test","Spinose","Hispid","Numerous small openings of two distinct sizes","S-spherical","Kennett & Srinivasan (1983)","Symbiotic SML","Vergnaud-Grazzini (1976)","Low to high latitudes","Kennett & Srinivasan (1983)",0,14.96,0.003513,0.453878,12.03492175,23.581247,75,100,"Kennett & Srinivasan (1983)","t559","T338",NA,166626.885372036,12.023512372478,230.301942931301,"Orbulina universa","S-spherical",FALSE,FALSE
"302","TA","Orbulinoides beckmanni","Macroperforate","Low trochospiral becoming streptospiral with final chamber hemispherical, almost spherical","Spinose","Cancellate","Primary aperture an umbilical arch later replaced by smaller multiple irregularly arched sutural apertures. Bulla may be present","S-spherical","Premoli Silva et al. (2006)","Symbiotic SML","This study","Low latitudes","Premoli Silva et al. (2006)",40,40.5,38.542481,38.6966302,40.2609733,40.28064,66.66666667,100,"Premoli Silva et al. (2006)","t414","T254","part of N253T254",317150.89634163,12.6671329532968,317.729862804225,"Orbulinoides beckmanni","S-spherical",FALSE,FALSE
"303","IF","Orcadia riedeli","Microperforate","Low trochospiral to slightly streptospiral, equatorial periphery distinctly lobulate",NA,"Triradiate","Interiomarginal, umbilical, rather a low arch, bordered by a narrow but distinct lip",NA,NA,NA,NA,NA,NA,0,2.65,NA,NA,NA,NA,NA,NA,NA,NA,NA,NA,NA,NA,NA,"Orcadia riedeli",NA,FALSE,FALSE
"304","TA","Paragloborotalia acrostoma","Macroperforate","Low trochospiral, equatorial periphery subquadrate to oval","Spinose","Coarsely cancellate","Interiomarginal umbilical-extraumbilical high arch bordered by a rim","S-globular","Kennett & Srinivasan (1983)","Thermocline","This study","Low latitudes","Kennett & Srinivasan (1983)",15.15,24.1,2.726471,2.8141782,23.5868508,23.896238,40.90909091,58.33333333,"Kennett & Srinivasan (1983)","t441","T194",NA,60641.7665993798,11.0127391524674,138.934782629234,"Paragloborotalia acrostoma","S-globular",FALSE,FALSE
"305","TA","Globorotalia bella","Macroperforate","Low trochospiral, equatorial periphery quinquelobate, chambers ovate","Spinose","Coarsely cancellate","Interiomarginal umbilical-extraumbilical low arch with a thick lip","S-globular","Kennett & Srinivasan (1983)","Thermocline","This study","Low latitudes","Kennett & Srinivasan (1983)",13.85,19.39,16.457164,16.46595745,17.06239215,17.068683,100,33.33333333,"Kennett & Srinivasan (1983)","t444","T194",NA,83884.4217425532,11.337195198726,163.405142934564,"Globorotalia bella","S-globular",FALSE,FALSE
"306","TA_IF","Paragloborotalia birnageae","Macroperforate","Biconvex, low trochospiral, equatorial profile circular","Non-spinose","Smooth","Interiomarginal umbilical-extraumbilical slit with prominent lip","NS-turborotaliform, non-keeled","Kennett & Srinivasan (1983)","Thermocline","Keller (1985); Hodell & Vayavananda (1993)","Low latitudes","Kennett & Srinivasan (1983)",7,28.65,0.074825,0.6944414,21.3719715,23.109473,66.66666667,100,"Norris et al. (1993)","t294","N152","part of N152T154",NA,NA,NA,"Paragloborotalia birnageae","NS-rotaliform",FALSE,FALSE
"307","TA_IF","Paragloborotalia continuosa","Macroperforate","Low trochospiral, equatorial periphery lobulate, chambers subspherical to ovate","Non-spinose","Cancellate","Interiomarginal umbilical-extraumbilical low arch bordered by a distinct rim","NS-globular","Kennett & Srinivasan (1983)","Thermocline","Keller (1985)","Low latitudes","Kennett & Srinivasan (1983)",8,24.5,0.008995,5.2227302,27.854156,31.144781,96.875,100,"FAD: Chaisson & Leckie (1993); LAD: Stott & Webb (1989)","n53n310n318t319","N23N156N157N160","part of N23N156N157N160T161",68772.8115942778,11.1385637655014,147.956297030961,"Paragloborotalia continuosa","NS-globular",FALSE,FALSE
"308","TA","Paragloborotalia griffinoides","Macroperforate","Very low trochospiral, globular","Spinose","Coarsely cancellate","Umbilical-extraumbilical high arch bordered by narrow or thickened continuous lip","S-globular","Olsson et al. (2006c)","Sub-thermocline","Pearson et al. (2001a)","High latitudes, high productivity/upwelling","Olsson et al. (2006c)",33.7,55.45,NA,NA,NA,NA,NA,0,"Olsson et al. (2006c)","n432t434","N191T192",NA,93846.9571791729,11.4494206193172,172.836380019941,"Paragloborotalia griffinoides","S-globular",FALSE,FALSE
"309","TA","Paragloborotalia incognita","Macroperforate","Small, low trochospiral, equatorial periphery quadrilobate","Spinose","Coarsely cancellate","Interiomarginal umbilical-extraumbilical fairly high arch bordered by a thick rim","S-globular","Kennett & Srinivasan (1983)","Thermocline","This study","Low latitudes","Kennett & Srinivasan (1983)",16.4,23.55,15.458508,16.682328,22.8970675,23.843703,100,100,"Kennett & Srinivasan (1983)","t449","T197","part of N193N195T197",65517.9492920065,11.0900794190751,144.412641351559,"Paragloborotalia incognita","S-globular",FALSE,FALSE
"310","TA","Paragloborotalia kugleri","Macroperforate","Low trochospiral, equatorial periphery slightly lobate","Non-spinose","Cancellate","Interiomarginalumbilical-extraumbilicaldistinct arch with lip","NS-globorotaliform, non-keeled","Kennett & Srinivasan (1983)","Symbiotic SML","Keller (1985)","Low latitudes","Kennett & Srinivasan (1983)",21.12,23.73,5.737693,9.2520795,25.5973635,36.860046,65.625,100,"Kennett & Srinivasan (1983)","n290n291t292","N150N151T153",NA,45572.1831232961,10.7270527901391,120.441174118834,"Paragloborotalia kugleri","NS-rotaliform",FALSE,FALSE
"311","TA","Paragloborotalia mayeri","Macroperforate","Low trochospiral, equatorial periphery ovate","Spinose","Coarsely cancellate","Interiomarginal umbilical-extraumbilical fairly high arch bordered by a thick rim","S-globular","Kennett & Srinivasan (1983)","Thermocline","Pearson et al. (2001b); Pearson & Shackleton (1995)","Low latitudes","Kennett & Srinivasan (1983)",10.53,24.95,3.25468,10.7207269,32.3588865,39.014905,89.18918919,100,"Kennett & Srinivasan (1983)","n439t440","T194",NA,89571.4203999498,11.4027915793311,168.85339390379,"Paragloborotalia mayeri","S-globular",FALSE,FALSE
"312","TA","Paragloborotalia nana","Macroperforate","Very low trochospiral, globular","Spinose","Coarsely cancellate","Umbilical-extraumbilical bordered by narrow or thickened continuous lip","S-globular","Olsson et al. (2006c)","Thermocline","Pearson & Wade (2009)","Low to middle latitudes","Olsson et al. (2006c)",17.69,48,11.590524,16.81680995,35.0502744,36.995787,96.15384615,66.66666667,"Olsson et al. (2006c)","n435n445n447t448","N193N195T197",NA,80763.3127446248,11.2992780912069,160.336399134967,"Paragloborotalia nana","S-globular",FALSE,FALSE
"313","TA","Paragloborotalia opima","Macroperforate","Very low trochospiral, compact, profile subquadrate and slightly lobate","Spinose","Coarsely cancellate","Interiomarginal umbilical-extraumbilical low to moderately high arch sometimes bordered by a rim","S-globular","Spezzaferri (1994)","Thermocline","Wade et al. (2007)","Cosmopolitan","Spezzaferri (1994)",27.5,30.6,17.099426,23.0413518,31.4518612,36.860046,70,100,"Spezzaferri (1994)","t446","T196",NA,75561.1165089147,11.2326970979609,155.086589993696,"Paragloborotalia opima","S-globular",FALSE,FALSE
"314","IF","Paragloborotalia pseudocontinuosa","Macroperforate","Low trochospiral, quadrate and lobulate in equatorial outline","Spinose","Coarsely cancellate","Umbilical-extraumbilical, moderate to high loop-shaped arch, bordered by a narrow, often thickened, continuous lip",NA,NA,NA,NA,NA,NA,15.9,31.15,NA,NA,NA,NA,NA,NA,NA,"Paragloborotalia nana",NA,NA,NA,NA,NA,"Paragloborotalia pseudocontinuosa",NA,FALSE,FALSE
"315","TA","Paragloborotalia pseudokugleri","Macroperforate","Low trochospiral, profile subcircular and lobate","Non-spinose","Cancellate","Umbilical-extraumbilical low arch","NS-globorotaliform, non-keeled","Spezzaferri (1994)","Symbiotic SML","Pearson & Wade (2009); Poore & Matthews (1984); Pearson et al. (1997b).","Low to middle latitudes and high productivity/upwelling","Spezzaferri (1994)",22.04,25.9,6.04093,17.2598671,26.29625155,33.146937,50,40,"Spezzaferri (1994)","n288t289","N150","part of N150N151T153",46486.7161074137,10.7469218756532,121.64366532298,"Paragloborotalia pseudokugleri","NS-rotaliform",FALSE,FALSE
"316","TA","Paragloborotalia semivera","Macroperforate","Low trochospiral, equatorial periphery ovate, chambers spherical","Spinose","Coarsely cancellate","Interiomarginal umbilical-extraumbilical low arch bordered by a rim","S-globular","Kennett & Srinivasan (1983)","Thermocline","This study","Low latitudes","Kennett & Srinivasan (1983)",16.3,29.2,12.148032,15.72696625,29.186262,30.889262,94.73684211,100,"Kennett & Srinivasan (1983)","n436t437","T194",NA,120083.786603014,11.6959449998126,195.509223429801,"Paragloborotalia semivera","S-globular",FALSE,FALSE
"317","TA","Paragloborotalia siakensis","Macroperforate","Low trochospiral, equatorial periphery ovate, chambers subspherical","Spinose","Coarsely cancellate","Interiomarginal umbilical-extraumbilical low elongate arch bordered by a distinct rim","S-globular","Kennett & Srinivasan (1983)","Thermocline","Pearson & Wade (2009)","Low latitudes","Kennett & Srinivasan (1983)",10.53,31,0.008995,9.7666551,29.59115195,38.451499,79.48717949,100,"Kennett & Srinivasan (1983)","n438n442t443","T194",NA,101636.456034408,11.5291575690026,179.866307996902,"Paragloborotalia siakensis","S-globular",FALSE,FALSE
"318","TA","Parasubbotina aff_pseudobulloides","Macroperforate","Umbilico-convex, low trochospiral","Spinose","Cancellate (weakly developed)","Umbilical-extraumbilical high arch with continuous thin lip","S-globular","Olsson et al. (1999)","Sub-thermocline","Pearson et al. (2001a); D'hondt & Zachos (1993)","Cosmopolitan","Olsson et al. (1999)",64.82,65,NA,NA,NA,NA,NA,0,"Olsson et al.  (1999)","n357t358","N182","part of N182T183",NA,NA,NA,"Parasubbotina aff_pseudobulloides","S-globular",FALSE,FALSE
"319","TA","Parasubbotina eoclava","Macroperforate","Very low trochospiral","Spinose","Cancellate","Interiomarginal umbilical-extraumbilical high arch bordered by well-developed asymmetric flange","S-globular","Olsson et al. (2006c)","High productivity","Coxall et al. (2003)","Low to middle latitudes and high productivity/upwelling","Olsson et al. (2006c)",44,49.25,NA,NA,NA,NA,NA,0,"Olsson et al. (2006c)","n367t368","N218T219",NA,114936.379272488,11.6521340305432,191.27306607205,"Parasubbotina eoclava","S-globular",FALSE,FALSE
"320","TA","Parasubbotina griffinae","Macroperforate","Biconvex, very low trochospiral","Spinose","Cancellate","Umbilical-extraumbilical low arch with narrow continuous lip","S-globular","Olsson et al. (2006c)","High productivity","H. K. Coxall unpublished data","Low to middle latitudes and high productivity/upwelling","Olsson et al. (2006c)",37.3,48.4,40.58632,40.58735525,40.60598975,40.607025,100,8.333333333,"Olsson et al. (2006c)","n401t403","N232T233",NA,85248.0888682221,11.3533209769264,164.727986283538,"Parasubbotina griffinae","S-globular",FALSE,FALSE
"321","TA_IF","Parasubbotina hagni","Macroperforate","Biconvex, low trochosprial","Spinose","Cancellate","Umbilical-extraumbilical low arch with thin irregular lip","S-globular","Olsson et al. (2006a)","Thermocline","Coxall et al. (2000)","Low to middle latitudes","Olsson et al. (2006a)",32.85,49.3,32.388272,33.61124085,42.59673285,48.648997,70.58823529,66.66666667,"Olsson et al. (2006a)","n597t598","T268",NA,228649.14969013,12.339944010252,269.780067488104,"Parasubbotina hagni","S-globular",FALSE,FALSE
"322","TA","Parasubbotina inaequispira","Macroperforate","Very low trochospiral, globular","Spinose","Cancellate","Umbilical-extraumbilical low arch bordered by narrow continuous lip","S-globular","Olsson et al. (2006c)","High productivity","Pearson et al. (2001a); H. K. Coxall unpublished data","Low to middle latitudes and high productivity/upwelling","Olsson et al. (2006c)",45.4,55.5,21.807868,39.1057334,52.8733317,57.202297,51.35135135,90.90909091,"Olsson et al. (2006c)","n364n366n400n404t405","N215N217N231N235T236",NA,149837.821423643,11.9173087976613,218.391528872773,"Parasubbotina inaequispira","S-globular",FALSE,FALSE
"323","TA","Parasubbotina prebetica","Macroperforate","Very low trochospiral, symmetrical elongate chambers","Spinose","Cancellate","Umbilical-extraumbilical low arch bordered by broad lip","S-globular","Olsson et al. (2006c)","High productivity","This study","Known only from Spain","Olsson et al. (2006c)",50.9,51.7,NA,NA,NA,NA,NA,0,"Olsson et al. (2006c)","t365","T216",NA,NA,NA,NA,"Parasubbotina prebetica","S-globular",FALSE,FALSE
"324","TA","Parasubbotina pseudobulloides","Macroperforate","Umbilico-convex, low trochospiral","Spinose","Cancellate","Interiomarginal umbilical-extraumbilical high rounded arch with narrow lip","S-globular","Olsson et al. (1999)","Sub-thermocline","D'hondt & Zachos (1993); Berggren & Norris (1997)","Cosmopolitan","Olsson et al. (1999)",59.3,64.82,33.946477,56.50851895,64.8414491,65.255047,39.39393939,100,"Olsson et al.  (1999)","n359t360","T183","part of N182T183",42416.6666666667,10.6552966457447,116.196576279004,"Parasubbotina pseudobulloides","S-globular",FALSE,FALSE
"325","TA","Parasubbotina pseudowilsoni","Macroperforate","Very low trochospiral, globular lobulate outline","Spinose","Cancellate","Umbilical low arch bordered by narrow lip of varying thickness","S-globular","Olsson et al. (2006c)","Thermocline","This study","Low to middle latitudes","Olsson et al. (2006c)",40.5,47.6,NA,NA,NA,NA,NA,0,"Olsson et al. (2006c)","t476","T189","part of N184N186N187N188T189",58328.8254949476,10.973851684022,136.259465008971,"Parasubbotina pseudowilsoni","S-globular",FALSE,FALSE
"326","TA","Parasubbotina varianta","Macroperforate","Umbilico-convex, very low trochospiral","Spinose","Cancellate","Umbilical-extraumbilical rounded high arch bordered by fairly broad continuous lip","S-globular","Olsson et al. (1999)","Thermocline","Olsson et al. (1999); Pearson et al. (2001a)","Cosmopolitan","Olsson et al. (1999)",32.85,62.9,40.686557,42.9132095,64.7463883,64.779561,92,90,"Olsson et al.  (1999)","n361n363n431n450n474t475","N182N184N186N187N188T189","2 lineages part of N182T183 and N184N186N187N188T189",65124.117396384,11.0840502265091,143.977951076763,"Parasubbotina varianta","S-globular",FALSE,FALSE
"327","TA","Parasubbotina variospira","Macroperforate","Moderate to high trochospire","Spinose","Cancellate","Interiomarginal umbilical-extraumbilical arch teeth common","S-globular","Olsson et al. (1999)","Thermocline","Olsson et al. (1999); Pearson et al. (2001a)","Low latitudes","Olsson et al. (1999)",59.2,60.9,NA,NA,NA,NA,NA,0,"Olsson et al.  (1999)","t362","T185",NA,157360.87025385,11.9662969833848,223.806882602581,"Parasubbotina variospira","S-globular",FALSE,FALSE
"328","IF","Parvularugoglobigerina alabamensis","Microperforate","High trochospiral, subglobular chambers",NA,"Microperforate","Low, centrally located, umbilical, and marked by a distinct lip",NA,NA,NA,NA,NA,NA,59.4,65,NA,NA,NA,NA,NA,NA,NA,"Guembelitria cretacea",NA,NA,NA,NA,NA,"Parvularugoglobigerina alabamensis",NA,FALSE,FALSE
"329","IF","Parvularugoglobigerina eugubina","Microperforate","Trochospiral, subglobular chambers",NA,"Microperforate","Elongate with a thickened rim, umbilical to nearly peripheral",NA,NA,NA,NA,NA,NA,64.8,64.97,NA,NA,NA,NA,NA,NA,NA,"Parvularugoglobigerina extensa",NA,NA,NA,NA,NA,"Parvularugoglobigerina eugubina",NA,FALSE,FALSE
"330","IF","Parvularugoglobigerina extensa","Microperforate","Trochospiral, lobate outline",NA,"Microperforate","Umbilical with a thick porticus",NA,NA,NA,NA,NA,NA,65.72,66,NA,NA,NA,NA,NA,NA,NA,"Parvularugoglobigerina alabamensis",NA,NA,NA,NA,NA,"Parvularugoglobigerina extensa",NA,FALSE,FALSE
"331","TA","Planoglobanomalina pseudoalgeriana","Macroperforate","Evolute to partially involute, asymmetrical to fully planispiral","Non-spinose","Smooth","Equatorial asymmetric to symmetric oval opening bordered by a broad lip","NS-planispiral","Olsson & Hemleben (2006)","Asymbiotic SML","This study","Low to middle latitudes","Olsson & Hemleben (2006)",45.2,50.8,NA,NA,NA,NA,NA,0,"Olsson & Hemleben (2006)","t15","T12","part of N4T12",65154.0867333057,11.0845103086487,144.011075728526,"Planoglobanomalina pseudoalgeriana","NS-planispiral",FALSE,FALSE
"332","TA","Planorotalites capdevilensis","Macroperforate","Weakly to moderately biconvex, trochospiral, keeled periphery","Non-spinose","Muricate","Umbilical-extraumbilical arch bordered by distinct lip","NS-muricate, acarininiform","Berggren et al. (2006a)","Asymbiotic SML","Pearson et al. (2001a)","Low to middle latitudes","Berggren et al. (2006a)",36.5,50.4,NA,NA,NA,NA,NA,0,"Berggren et al. (2006a)","t195","N86T87",NA,32499.3081548299,10.3889740805476,101.709641036707,"Planorotalites capdevilensis","NS-muricate",FALSE,FALSE
"333","TA","Planorotalites pseudoscitula","Macroperforate","Biconvex, low trochospiral, keeled periphery","Non-spinose","Muricate","Umbilical-extraumbilical low slit with distinct lip that extends to periphery","NS-muricate, acarininiform","Berggren et al. (2006a)","Asymbiotic SML","Pearson et al. (2001a)","Low to middle latitudes","Berggren et al. (2006a)",46.4,55.9,45.435772,45.8758484,52.370606,53.855242,100,80,"Berggren et al. (2006a)","n194n196t197","N86T87",NA,62210.1459415402,11.0382733834562,140.719950519209,"Planorotalites pseudoscitula","NS-muricate",FALSE,FALSE
"334","TA","Praemurica inconstans","Macroperforate","Umbilico-convex, very low trochospiral","Non-spinose","Cancellate","Interiomarginal umbilical-extraumbilical slit with distinct lipped rim","NS-globular","Olsson et al. (1999)","Asymbiotic SML","Berggren & Norris (1997); Boersma & Premoli Silva (1983)","Cosmopolitan","Olsson et al. (1999)",60.9,62.9,28.651684,58.0515172,64.21421485,65.255047,28.94736842,100,"Olsson et al.  (1999)","n158t159","N68","part of N68N69N70T71",77111.1111111111,11.2530026621527,156.669170551463,"Praemurica inconstans","NS-globular",FALSE,FALSE
"335",NA,"Praemurica nikolasi","Macroperforate",NA,NA,NA,NA,NA,NA,NA,NA,NA,NA,63.5,66,NA,NA,NA,NA,NA,NA,NA,NA,NA,NA,NA,NA,NA,"Praemurica nikolasi",NA,FALSE,FALSE
"336","TA","Praemurica pseudoinconstans","Macroperforate","Biconvex low trochospiral","Non-spinose","Cancellate (weakly developed)","Umbilical high rounded arch bordered by narrow lip broadening towards umbilicus","NS-globular","Olsson et al. (1999)","Asymbiotic SML","This study","Low to middle latitudes","Olsson et al. (1999)",61.3,64.85,NA,NA,NA,NA,NA,0,"Olsson et al.  (1999)","n156t157","N68","part of N68N69N70T71",57170.4141739257,10.9537918088343,134.899622048331,"Praemurica pseudoinconstans","NS-globular",FALSE,FALSE
"337","TA","Praemurica taurica","Macroperforate","Umbilico-convex, low trochospiral","Non-spinose","Cancellate (weakly developed)","Umbilical-extraumbilical low to high arch bordered by narrow lip broadening towards umbilicus","NS-globular","Olsson et al. (1999)","Asymbiotic SML","Berggren & Norris (1997); D'hondt & Zachos (1993)","Cosmopolitan","Olsson et al. (1999)",62.93,64.99,NA,NA,NA,NA,NA,0,"Olsson et al.  (1999)","n154t155","N68","part of N68N69N70T71",25099.6024442299,10.1306072861191,89.3837322854737,"Praemurica taurica","NS-globular",FALSE,FALSE
"338","TA","Praemurica uncinata","Macroperforate","Umbilico-convex, low trochospiral","Non-spinose","Cancellate (weakly developed)","Interiomarginal extraumbilical-umbilical low arch exending to peripheral margin","NS-globular","Olsson et al. (1999)","Asymbiotic SML","Berggren & Norris (1997); Shackleton et al. (1985)","Low to middle latitudes","Olsson et al. (1999)",60.7,61.4,58.022145,59.2680991,62.9998682,64.083454,100,100,"Olsson et al.  (1999)","n160n161n162t163","N68N69N70T71",NA,46826.3888888889,10.7542021881407,122.087274183758,"Praemurica uncinata","NS-globular",FALSE,FALSE
"339","TA","Praeorbulina circularis","Macroperforate","Subspherical to spherical","Spinose","Cancellate","Numerous small apertures along basal suture","S-spherical","Kennett & Srinivasan (1983)","Symbiotic SML","Pearson et al. (1997a)","Low to middle latitudes","Kennett & Srinivasan (1983)",14.52,16,11.989577,12.10841825,15.13590025,15.199066,100,100,"Kennett & Srinivasan (1983)","n629t558","T338",NA,NA,NA,NA,"Praeorbulina circularis","S-spherical",FALSE,FALSE
"340","TA","Praeorbulina curva","Macroperforate","Subspherical to spherical","Spinose","Cancellate","Four-eight small sutural supplementary apertures","S-spherical","Kennett & Srinivasan (1983)","Symbiotic SML","Pearson et al. (1997a)","Low to middle latitudes","Kennett & Srinivasan (1983)",14.81,16.3,0.074825,13.4549857,16.5613404,23.147261,29.16666667,100,"Kennett & Srinivasan (1983)","n553t554","T338",NA,176399.305555556,12.0805054857872,236.959158663025,"Praeorbulina curva","S-spherical",FALSE,FALSE
"341","TA","Praeorbulina glomerosa","Macroperforate","Subspherical to spherical","Spinose","Cancellate","Several small cresentric and slit-like openings along basal suture","S-spherical","Kennett & Srinivasan (1983)","Symbiotic SML","Pearson et al. (1997a)","Low to middle latitudes","Kennett & Srinivasan (1983)",14.81,16.29,6.595616,13.450894,15.6890907,16.512249,72.72727273,100,"Kennett & Srinivasan (1983)","n555t556","T338",NA,197373.897928661,12.1928551679004,250.651277645503,"Praeorbulina glomerosa","S-spherical",FALSE,FALSE
"342",NA,"Praepararotalia perclara","Macroperforate",NA,NA,NA,NA,NA,NA,NA,NA,NA,NA,43.6,65.5,NA,NA,NA,NA,NA,NA,NA,NA,NA,NA,NA,NA,NA,"Praepararotalia perclara",NA,FALSE,FALSE
"343","TA","Protentella nicobarensis","Macroperforate","Small, low trochospiral, outline deeply lobulate, later chambers clavate","Spinose","Cancellate","Umbilical-extraumbilical nearly circular arch varying in height bordered by distinct uniform imperforate lip","S-clavate","Kennett & Srinivasan (1983)","High productivity","This study","Low latitudes","Kennett & Srinivasan (1983)",4.19,29.39,3.764482,3.764482,3.764482,3.764482,100,0,"Kennett & Srinivasan (1983)","t633","T367",NA,102681.1754855,11.5393840829669,180.788366002925,"Protentella nicobarensis","S-flat-clavate",FALSE,FALSE
"344","TA","Protentella prolixa","Macroperforate","Small, almost planispiral, biumbilicate, later chambers becoming clavate","Spinose","Cancellate","Nearly equatorial basal high arch bordered by a distinct thick lip","S-planispiral","Kennett & Srinivasan (1983)","High productivity","This study","Low latitudes","Kennett & Srinivasan (1983)",10.53,29.4,15.472548,15.64798335,17.2912282,17.343859,100,15.78947368,"Kennett & Srinivasan (1983)","n731t632","T367",NA,77983.3302774235,11.2642503684395,157.552737154388,"Protentella prolixa","S-planispiral",FALSE,FALSE
"345","TA_IF","Protentelloides dalhousiei","Macroperforate","Extremely low trochospiral becoming planispiral in final whorl","Spinose","Cancellate","Has two types of aperture (1) Hantkenina type (2) large low-arched slit with a distinct rim","S-planispiral","Zhang & Scott (1995)","High productivity","This study","Low latitudes","Zhang & Scott (1995)",22.5,25.4,NA,NA,NA,NA,NA,0,"Zhang & Scott (1995)","t999","T999","Dates were the wrong way round",NA,NA,NA,"Protentelloides dalhousiei","S-planispiral",FALSE,FALSE
"346","TA_IF","Protentelloides primitivus","Macroperforate","Extremely low trochospiral becoming planispiral in final whorl","Spinose","Cancellate","Interiomarginal umbilical-extraumbilical slit-like opening","S-planispiral","Zhang & Scott (1995)","High productivity","This study","Low latitudes","Zhang & Scott (1995)",22.5,25.75,NA,NA,NA,NA,NA,0,"Zhang & Scott (1995)","n997t998","T999","Dates were the wrong way round",NA,NA,NA,"Protentelloides primitivus","S-planispiral",FALSE,FALSE
"347","TA","Pseudoglobigerinella bolivariana","Macroperforate","Nearly involute, asymmetrically planispiral","Spinose","Cancellate","Asymmetrical equatorial low to high arch with imperforate rim","S-planispiral","Olsson et al. (2006c)","High productivity","Pearson et al. (2006)","Low latitudes and high productivity/upwelling","Olsson et al. (2006c)",43.1,48.1,1.476537,12.362307,43.5372341,44.915447,11.36363636,16.66666667,"Olsson et al. (2006c)","t402","T234",NA,119761.350719947,11.6932562975866,195.246566978484,"Pseudoglobigerinella bolivariana","S-planispiral",FALSE,FALSE
"348","TA","Pseudohastigerina micra","Macroperforate","Involute, planispiral","Non-spinose","Smooth","Equatorial symmetrical high curved arch with narrow lip","NS-planispiral","Olsson & Hemleben (2006)","Asymbiotic SML","Poore & Matthews (1984); Boersma et al. (1987); Pearson et al. (2001a)","Low to high latitudes","Olsson & Hemleben (2006)",32.8,49.7,24.283012,32.866993,49.178382,52.370606,89.65517241,100,"Olsson & Hemleben (2006)","n29t30","N8T9","part of N5N6N8T9",35201.3997767614,10.4688411271808,105.853453209855,"Pseudohastigerina micra","NS-planispiral",FALSE,FALSE
"349","TA","Pseudohastigerina naguewichiensis","Macroperforate","Involute, planispiral","Non-spinose","Smooth","Equatorial moderately high arch bordered by thick prominent lip","NS-planispiral","Olsson & Hemleben (2006)","Asymbiotic SML","Wade & Pearson (2008)","Low to high latitudes","Olsson & Hemleben (2006)",32,36.3,30.013304,31.80396855,37.02699015,38.736652,100,100,"Olsson & Hemleben (2006)","t31","T10",NA,20757.3535307801,9.94065584990414,81.2851206547627,"Pseudohastigerina naguewichiensis","NS-planispiral",FALSE,FALSE
"350","TA","Pseudohastigerina sharkriverensis","Macroperforate","Involute, planispiral","Non-spinose","Smooth","Equatorial low arch bordered by narrow lip commonly bipartite in adult specimens","NS-planispiral","Olsson & Hemleben (2006)","Asymbiotic SML","This study","Middle latitudes only","Olsson & Hemleben (2006)",39.3,48,44.36558,44.468436,45.706136,45.819645,100,22.22222222,"Olsson & Hemleben (2006)","t26","T7",NA,61632.637154479,11.0289468331508,140.065262352409,"Pseudohastigerina sharkriverensis","NS-planispiral",FALSE,FALSE
"351","TA","Pseudohastigerina wilcoxensis","Macroperforate","Involute, planispiral","Non-spinose","Smooth","Symmetrical to slightly asymmetic high circular arch with narrow lip or matched bipartite openings","NS-planispiral","Olsson & Hemleben (2006)","Asymbiotic SML","This study","Low to high latitudes","Olsson & Hemleben (2006)",43.3,55.4,28.254171,37.285575,53.699727,54.838008,55.55555556,69.23076923,"Olsson & Hemleben (2006)","n28n25t27","N6N8","part of N5N6N8T9",51161.8133797879,10.8427487003302,127.613913794212,"Pseudohastigerina wilcoxensis","NS-planispiral",FALSE,FALSE
"352","TA","Pulleniatina finalis","Macroperforate","Involute, planispiral with a very broadly rounded periphery","Non-spinose","Smooth","Extra-umbilical high arch","NS-globular","Bolli & Saunders (1985)","Thermocline","This study","Low latitudes","This study",0,2.04,0.039003,0.2068675,4.548949,11.102836,50,80,"Chaisson & Pearson (1997)","t317","T365",NA,218664.965986395,12.2952960017266,263.824222609509,"Pulleniatina obliquiloculata","NS-globular",FALSE,FALSE
"353","TA","Pulleniatina obliquiloculata","Macroperforate","Trochospiral becoming streptospiral, very smooth surface, globular","Non-spinose","Smooth","Umbilical-extraumbilical low archoften pustulate","NS-globular","Kennett & Srinivasan (1983)","Thermocline","Shackleton & Vincent (1978); Pearson & Shackleton (1995)","Low latitudes","Kennett & Srinivasan (1983)",0,5.7,0,0.3491124,4.4582462,14.025871,75,100,"Chaisson & Pearson (1997)","n662t316","N364T162",NA,268932.374647146,12.5022152316151,292.581328121036,"Pulleniatina obliquiloculata","NS-globular",FALSE,FALSE
"354","TA","Pulleniatina praecursor","Macroperforate","Trochospiral intially becoming streptospiral, broadly rounded chambers, spherical test covered in thick cortex","Non-spinose","Smooth","Interiomarginal umbilical-extraumbilicala medium arch at the base of the final chamber","NS-globular","Kennett & Srinivasan (1983)","Thermocline","This study","Low latitudes","Kennett & Srinivasan (1983)",1.86,6.11,0.716544,1.4061362,5.7374788,10.087223,72.72727273,83.33333333,"Banner & Blow (1967)","n700n313t701","N364T162",NA,201241.260471593,12.2122597681098,253.095007292114,"Pulleniatina praecursor","NS-globular",FALSE,FALSE
"355","TA","Pulleniatina praespectabilis","Macroperforate","Convexly rounded initial portion of the trochospire as seen in lateral view, with a well rounded pseudo keel","Non-spinose","Smooth","Extraumbilical medium to low arch without lip or rim","NS-globular","Bolli & Saunders (1985)","Thermocline","This study","Low latitudes","Bolli & Saunders (1985)",4.48,5.22,4.0168,4.1870396,5.6467617,5.808075,100,100,"Banner & Blow (1967)","t664","T365",NA,NA,NA,NA,"Pulleniatina praespectabilis","NS-globular",FALSE,FALSE
"356","TA","Pulleniatina primalis","Macroperforate","Trochospiral intially becoming streptospiral, broadly rounded chambers, spherical test covered in thick cortex","Non-spinose","Smooth","Interiomarginal umbilical-extraumbilical low arch at the base of the final chamber","NS-globular","Kennett & Srinivasan (1983)","Thermocline","This study","Low latitudes","Kennett & Srinivasan (1983)",3.65,6.4,0.33206,2.3108392,6.403392,10.259167,100,100,"Chaisson & Pearson (1997)","t314","N364T162",NA,143336.042107385,11.8729470972467,213.600747304958,"Pulleniatina primalis","NS-globular",FALSE,FALSE
"357","TA","Pulleniatina spectabilis","Macroperforate","Planoconvex, low to medium trochospiral, later becoming streptospiral, with pseudocarinate periphery","Non-spinose","Smooth","Extraumbilical medium to low arch without lip or rim","NS-globular, keeled","Kennett & Srinivasan (1983)","Thermocline","This study","Low latitudes","Kennett & Srinivasan (1983)",4.2,4.6,3.7048,3.82887455,5.11077445,5.526801,100,100,"Banner & Blow (1967)","n663n315t665","T365",NA,232573.19003676,12.3569602503288,272.08518087173,"Pulleniatina spectabilis","NS-globular",TRUE,FALSE
"358",NA,"Quiltyella clavacella","Macroperforate",NA,NA,NA,NA,NA,NA,NA,NA,NA,NA,16.6,28.7,NA,NA,NA,NA,NA,NA,NA,NA,NA,NA,NA,NA,NA,"Quiltyella clavacella",NA,FALSE,FALSE
"359",NA,"Quiltyella nazcaensis","Macroperforate",NA,NA,NA,NA,NA,NA,NA,NA,NA,NA,22.25,25.9,NA,NA,NA,NA,NA,NA,NA,NA,NA,NA,NA,NA,NA,"Quiltyella nazcaensis",NA,FALSE,FALSE
"360","IF","Rectoguembelina cretacea","Microperforate","Biserial to uniserial",NA,"Microperforate","Simple, terminal, round to oval-shaped aperture on a short neck",NA,NA,NA,NA,NA,NA,61,69.18,NA,NA,NA,NA,NA,NA,NA,"unknown",NA,NA,NA,NA,NA,"Rectoguembelina cretacea",NA,FALSE,FALSE
"361","PP_IF","Riveroinella martinezpicoi","Microperforate",NA,NA,"Microperforate",NA,NA,NA,NA,NA,NA,NA,15.1,16.29,NA,NA,NA,NA,NA,NA,NA,"Cassigerinella eocaenica",NA,NA,NA,NA,NA,"Riveroinella martinezpicoi",NA,FALSE,FALSE
"362","TA","Sphaeroidinella dehiscens","Macroperforate","Large, trochospiral, equatorial periphery ovoid or spherical with smooth secondary cortex","Non-spinose","Cancellate with smooth cortex","Primary apertureinteriomarginal umbilical two sutural supplementary apertures bordered by crenulated lip","S-globular","Kennett & Srinivasan (1983)","Thermocline","Shackleton & Vincent (1978)","Low latitudes","Kennett & Srinivasan (1983)",0,5.48,0.033671,0.53490705,4.87452885,13.080235,92.85714286,100,"FAD: Kennett & Srinivasan (1983); LAD: Chaisson & Pearson (1997)","t576","T347","part of N345T347",371021.234593215,12.824014576052,343.656408284693,"Sphaeroidinella dehiscens","S-globular",FALSE,FALSE
"363","IF","Sphaeroidinella excavata","Macroperforate","Large, trochospiral, equatorial periphery ovoid or spherical with smooth secondary cortex, expanded","Non-spinose","Cancellate with smooth cortex","Primary apertureinteriomarginal umbilical two sutural supplementary apertures bordered by crenulated lip","NS-globular","Kennett & Srinivasan (1983)","Thermocline","Shackleton & Vincent (1978)","Low latitudes","Kennett & Srinivasan (1983)",0,0.7,NA,NA,NA,NA,NA,NA,"Banner & Blow (1967)",NA,"T347","part of N345T347",NA,NA,NA,"Sphaeroidinella excavata","NS-globular",FALSE,FALSE
"364","TA","Sphaeroidinellopsis disjuncta","Macroperforate","Low trochospiral, equatorial periphery trilobate to quadrilobate, chambers spherical to ovate","Non-spinose","Cancellate","Interiomarginal umbilical bordered by thickened rim","NS-globular","Kennett & Srinivasan (1983)","Thermocline","This study","Low latitudes","Kennett & Srinivasan (1983)",12.4,18.71,8.486179,11.05301365,16.5293165,22.540218,73.33333333,100,"Kennett & Srinivasan (1983)","n568n569","N345","part of N345T347",136173.04453399,11.8216817422001,208.195163985416,"Sphaeroidinellopsis disjuncta","NS-globular",FALSE,FALSE
"365","TA","Sphaeroidinellopsis kochi","Macroperforate","Large, compressed low trochospiral, equatorial periphery lobulate, chambers spherical to subspherical","Non-spinose","Cancellate","Umbilical large irregular opening with a thickened lip","S-globular","Kennett & Srinivasan (1983)","Thermocline","This study","Low latitudes","Kennett & Srinivasan (1983)",4.53,14.06,1.962844,3.8308735,12.81889475,14.845348,100,100,"FAD: Kennett & Srinivasan (1983); LAD: Chaisson & Pearson (1997)","t571","T346",NA,273454.033408369,12.5188888187425,295.030714080274,"Sphaeroidinellopsis kochi","S-globular",FALSE,FALSE
"366","TA","Sphaeroidinellopsis paenedehiscens","Macroperforate","Large, low trochospiral, ovate to smoothly rounded periphery, sutures obscured by thick secondary cortex","Non-spinose","Cancellate with smooth cortex","An elongate umbilical opening following the line of suture of final chamber bordered by crenulated lip which is an extension of secondary cortex","NS-globular","Kennett & Srinivasan (1983)","Thermocline","Pearson & Shackleton (1995)","Low latitudes","Kennett & Srinivasan (1983)",2.3,7.21,1.858854,3.10612035,8.04148855,15.787874,86.66666667,100,"FAD: Kennett & Srinivasan (1983); LAD: Chaisson & Pearson (1997)","n574t575","T347","part of N345T347",161054.578310116,11.9894985822355,226.418339564779,"Sphaeroidinellopsis paenedehiscens","NS-globular",FALSE,FALSE
"367","TA","Sphaeroidinellopsis seminulina","Macroperforate","Compact, low trochospiral, subglobular, sutures obscured by secondary cortex","Non-spinose","Cancellate with smooth cortex","Umbilical elongate opening bordered by thickened crenulated rim","NS-globular","Kennett & Srinivasan (1983)","Thermocline","D. R. M. Stewart unpublished data","Low latitudes","Kennett & Srinivasan (1983)",3.16,16.4,0.063292,3.247949,13.707644,23.581247,79.16666667,100,"FAD: Kennett & Srinivasan (1983); LAD: Chaisson & Pearson (1997)","n570n572t573","N345T347",NA,120771.369015164,11.7016545249273,196.068153266861,"Sphaeroidinellopsis seminulina","NS-globular",FALSE,FALSE
"368","IF","Streptochilus globigerum","Microperforate","Biserial, globular later stages",NA,"Microperforate","High arch extending from the base of the last chamber onto the apertural face and bordered by a distinct lip",NA,NA,NA,NA,NA,NA,0,8.52,NA,NA,NA,NA,NA,NA,NA,NA,NA,NA,NA,NA,NA,"Bolivina variabilis",NA,FALSE,FALSE
"369","IF","Streptochilus globulosum","Microperforate","Biserial",NA,"Microperforate",NA,NA,NA,NA,NA,NA,NA,0,4.36,NA,NA,NA,NA,NA,NA,NA,NA,NA,NA,NA,NA,NA,"Streptochilus globulosum",NA,FALSE,FALSE
"370","IF","Streptochilus latum","Microperforate","Biserial, rapidly expanding test",NA,"Microperforate",NA,NA,NA,NA,NA,NA,NA,5.63,9.79,NA,NA,NA,NA,NA,NA,NA,NA,NA,NA,NA,NA,NA,"Streptochilus latum",NA,FALSE,FALSE
"371","IF","Streptochilus martini","Microperforate","Biserial",NA,"Microperforate","Semicircular, arched aperture",NA,NA,NA,NA,NA,NA,30.3,43.6,NA,NA,NA,NA,NA,NA,NA,"Chiloguembelina crinita",NA,NA,NA,NA,NA,"Streptochilus martini",NA,FALSE,FALSE
"372","IF","Streptochilus pristinum","Microperforate","Biserial, latter chambers slightly inflated",NA,"Microperforate","Narrow high arch with a rim/collar at the outer margin and the opposite margin turned in to form a ramp to the collar of the previous aperture",NA,NA,NA,NA,NA,NA,9.79,27.5,NA,NA,NA,NA,NA,NA,NA,NA,NA,NA,NA,NA,NA,"Streptochilus pristinum",NA,FALSE,FALSE
"373","TA","Subbotina angiporoides","Macroperforate","Non-umbilicate, spherical, quadrilobate","Spinose","Cancellate","A low indistinct interiomarginal slit bordered by a thick lip","S-globular","Olsson et al. (2006a)","Thermocline","Poore & Matthews (1984); Coxall et al. (2000)","Cosmopolitan","Olsson et al. (2006a)",30,42.3,NA,NA,NA,NA,NA,0,"FAD: Olsson et al. (2006a); LAD: B.S. Wade & P. N. Pearson in preparation","t492","T359",NA,90799.1637085583,11.4164053542888,170.006680650069,"Subbotina angiporoides","S-globular",FALSE,FALSE
"374","TA","Subbotina cancellata","Macroperforate","Low trochosprial, tightly coiled","Spinose","Coarsely cancellate","Umbilically directed aperture bordered by broad somewhat irregular lip","S-globular","Olsson et al. (1999)","Thermocline","Coxall et al. (2000)","Unknown, but found in North and South Atlantic","Olsson et al. (1999)",56.6,61.73,6.797175,43.65557775,64.9379795,64.98203,5.084745763,0,"Olsson et al. (1999)","n486n487t488","N305N310","2 lineages N305 and N310T313",4736.11111111111,8.4629716372496,38.8271939332675,"Subbotina cancellata","S-globular",FALSE,FALSE
"375","TA","Subbotina corpulenta","Macroperforate","Moderately high trochospiral with lobulate outline","Spinose","Cancellate","Umbilical generally without lip","S-globular","Olsson et al. (2006a)","Thermocline","Coxall et al. (2000); Wade & Pearson (2008)","Low to middle latitudes","Olsson et al. (2006a)",29.3,49.3,22.369976,24.8835752,49.8060944,52.370606,80.64516129,93.75,"FAD: Olsson et al. (2006a); LAD: B.S. Wade & P. N. Pearson in preparation","t599","T268",NA,169549.88535313,12.0409024713703,232.313160861001,"Subbotina corpulenta","S-globular",FALSE,FALSE
"376","TA","Subbotina crociapertura","Macroperforate","Low trochospiral, globular with oval outline","Spinose","Cancellate","Umbilical-extraumbilical high circular arch bordered by a prominent lip","S-globular","Olsson et al. (2006a)","Sub-thermocline","Coxall et al. (2000); Pearson et al. (2001a)","Low latitudes","Olsson et al. (2006a)",40,46.4,47.151875,47.1977925,51.4547935,53.161126,57.14285714,0,"Olsson et al. (2006a)","t611","T363",NA,138702.720351049,11.8400882193121,210.120077880065,"Subbotina crociapertura","S-globular",FALSE,FALSE
"377","TA","Subbotina eocaena","Macroperforate","Low trochospiral, globular","Spinose","Cancellate","Umbilical-extraumbilical high circular arch bordered by thin irregular lip","S-globular","Olsson et al. (2006a)","Sub-thermocline","Boersma et al. (1987); Coxall et al. (2000); Pearson et al. (2001a); Wade et al. (2007); Wade & Pearson (2008)","Low to middle latitudes","Olsson et al. (2006a)",26.1,50.8,30.910614,33.8697775,51.511329,53.855242,100,100,"FAD: Olsson et al. (2006a); LAD: B.S. Wade & P. N. Pearson in preparation","n596n600n602t603","N267N269N271T272","3 lineages N267, N269 and N271T272",169835.911357323,12.0425880225907,232.509031252702,"Subbotina eocaena","S-globular",FALSE,FALSE
"378","TA","Subbotina gortanii","Macroperforate","High trochospiral, globular outline","Spinose","Cancellate","Umbilical bordered by a thickened narrow rim","S-globular","Olsson et al. (2006a)","Sub-thermocline","Coxall et al. (2000); Pearson et al. (2001a)","Low to middle latitudes","Olsson et al. (2006a)",25.2,39,19.28554,23.6072752,36.1300304,41.00543,91.30434783,92.30769231,"FAD: Olsson et al. (2006a); LAD: B.S. Wade & P. N. Pearson in preparation","t614","N77T266",NA,117191.048078471,11.6715607716248,193.140024789315,"Subbotina gortanii","S-globular",FALSE,FALSE
"379","TA","Subbotina hornibrooki","Macroperforate","Low trochospiral, globular","Spinose","Cancellate","Umbilical bordered by narrow continuous lip","S-globular","Olsson et al. (2006a)","Thermocline","Coxall et al. (2000)","Low to middle latitudes","Olsson et al. (2006a)",52.5,55.6,47.513163,47.54300325,48.61218875,48.663956,100,0,"Olsson et al. (2006a)","n498t499","N308T309",NA,38642.5688727659,10.562109768331,110.906770306142,"Subbotina hornibrooki","S-globular",FALSE,FALSE
"380","TA","Subbotina jacksonensis","Macroperforate","Low trochospiral, globular with oval outline","Spinose","Cancellate","Umbilical and may be obscured by ultimate chamber","S-globular","Olsson et al. (2006a)","Thermocline","Coxall et al. (2000)","Low to middle latitudes","Olsson et al. (2006a)",33.7,43.8,0.894992,1.6288952,32.94881445,33.511749,58.82352941,9.090909091,"Olsson et al. (2006a)","t601","T270",NA,134413.933670991,11.8086793748448,206.846039189366,"Subbotina jacksonensis","S-globular",FALSE,FALSE
"381","TA","Subbotina linaperta","Macroperforate","Low trochospiral, globular","Spinose","Cancellate","Umbilical-extraumbilical bordered by thin even lip","S-globular","Olsson et al. (2006a)","Thermocline","Poore & Matthews (1984) Pearson et al. (1993); Coxall et al. (2000)","Cosmopolitan","Olsson et al. (2006a)",31.8,52,27.435425,31.4690846,48.9362634,55.841094,93.10344828,100,"FAD: Olsson et al. (2006a); LAD: B.S. Wade & P. N. Pearson in preparation","n491n493t494","N310T313",NA,76179.9830436306,11.2408540174496,155.720396005472,"Subbotina linaperta","S-globular",FALSE,FALSE
"382","IF","Subbotina minima","Macroperforate","Low trochospiral, triangular, lobate periphery","Spinose","Cancellate","Umbilical with a thin lip",NA,NA,NA,NA,NA,NA,30,44,NA,NA,NA,NA,NA,NA,NA,"Subbotina linaperta",NA,NA,NA,NA,NA,"Subbotina minima",NA,FALSE,FALSE
"383","TA","Subbotina patagonica","Macroperforate","Globular, very low trochospiral","Spinose","Cancellate","Umbilical rounded arch bordered by a thickened rim that may display a lip","S-globular","Olsson et al. (2006a)","Sub-thermocline","Pearson & Palmer (1999); Coxall et al. (2000)","Cosmopolitan","Olsson et al. (2006a)",45.15,57,29.519241,38.1011157,56.2004063,59.464966,67.74193548,100,"Olsson et al. (2006a)","n489t490","N310","part of N310T313",61094.8621123057,11.020183051809,139.452854418195,"Subbotina patagonica","S-globular",FALSE,FALSE
"384",NA,"Subbotina projecta","Macroperforate",NA,NA,NA,NA,NA,NA,NA,NA,NA,NA,24.6,33.9,NA,NA,NA,NA,NA,NA,NA,NA,NA,NA,NA,NA,NA,"Subbotina projecta",NA,FALSE,FALSE
"385","TA","Subbotina roesnaesensis","Macroperforate","Very low trochospiral, tripartite","Spinose","Cancellate","Umbilical low arch with narrow lip of varying width","S-globular","Olsson et al. (2006a)","Thermocline","Coxall et al. (2000)","Low to middle latitudes","Olsson et al. (2006a)",43.2,55.6,NA,NA,NA,NA,NA,0,"Olsson et al. (2006a)","n595n607n609n615t616","N264N265N276N278","part of N264N265N276N278N281N283T284",121711.388883571,11.7094078562206,196.829719155417,"Subbotina roesnaesensis","S-globular",FALSE,FALSE
"386","TA","Subbotina senni","Macroperforate","Moderately elevated trochospiral, globular","Spinose","Cancellate","Umbilical bordered by thickened rim not always visible","S-globular","Olsson et al. (2006a)","High latitude","Pearson et al. (1993, 2001a); Coxall et al. (2000)","Low to middle latitudes","Olsson et al. (2006a)",38,50.6,20.939572,38.2770357,51.6010161,53.494228,64.70588235,100,"Olsson et al. (2006a)","t608","T277",NA,105965.596548275,11.5708697595476,183.657009059493,"Subbotina senni","S-globular",FALSE,FALSE
"387","TA","Subbotina sp1","Macroperforate",NA,"Spinose","Cancellate",NA,"S-globular","B. S. Wade & P. N. Pearson personal communication","Thermocline","Coxall et al. (2000)",NA,NA,32.6,34.1,NA,NA,NA,NA,NA,0,"B.S. Wade & P. N. Pearson in preparation","n604t605","N273T274",NA,NA,NA,NA,"Subbotina sp1","S-globular",FALSE,FALSE
"388","TA","Subbotina sp2","Macroperforate",NA,"Spinose","Cancellate",NA,"S-globular","B. S. Wade & P. N. Pearson personal communication","Thermocline","Coxall et al. (2000)",NA,NA,27.2,33.8,NA,NA,NA,NA,NA,0,"B.S. Wade & P. N. Pearson in preparation","t606","T275",NA,NA,NA,NA,"Subbotina sp2","S-globular",FALSE,FALSE
"389",NA,"Subbotina tecta","Macroperforate",NA,NA,NA,NA,NA,NA,NA,NA,NA,NA,32,36.4,NA,NA,NA,NA,NA,NA,NA,NA,NA,NA,NA,NA,NA,"Subbotina tecta",NA,FALSE,FALSE
"390","TA","Subbotina triangularis","Macroperforate","Low trochospiral, triangular","Spinose","Cancellate","Umbilical to slightly extraumbilical with broad lip","S-globular","Olsson et al. (1999)","Asymbiotic SML","D'hondt et al. (1994); Coxall et al. (2000)","Low to middle latitudes","Olsson et al. (1999)",54.5,61.26,47.059864,52.6472428,64.7755332,64.98203,100,100,"Olsson et al. (1999)","n594t505","N262T263","part of N259N261N262T263",63027.7777777778,11.0513308253059,141.641677379441,"Subbotina triangularis","S-globular",FALSE,FALSE
"391","TA","Subbotina triloculinoides","Macroperforate","Trochospiral, trilobate","Spinose","Cancellate","Umbilical to slightly extraumbilical with well-developed delicately notched lip","S-globular","Olsson et al. (1999)","Thermocline","Berggren & Norris (1997); Coxall et al. (2000)","Cosmopolitan","Olsson et al. (1999)",56.5,64.3,52.456936,54.2634438,64.4405661,65.255047,100,100,"Olsson et al. (1999)","t484","T260",NA,53133.8804438317,10.8805700535525,130.05014200907,"Subbotina triloculinoides","S-globular",FALSE,FALSE
"392","TA","Subbotina trivialis","Macroperforate","Umbilico-convex, low trochospiral","Spinose","Cancellate","Umbilical low arch with thin lip","S-globular","Olsson et al. (1999)","Thermocline","Coxall et al. (2000)","Cosmopolitan","Olsson et al. (1999)",61.26,64.92,52.456936,57.5468852,64.8066108,64.88437,53.84615385,100,"Olsson et al. (1999)","n483n485n592t593","N259N261N262","part of N259N261N262T263",33938.2815217831,10.4322989046773,103.936954585327,"Subbotina trivialis","S-globular",FALSE,FALSE
"393","TA","Subbotina utilisindex","Macroperforate","Low trochosprial, trilobateglobular","Spinose","Cancellate","Low interiomarginal umbilical-extraumbilical slit bordered by a narrow lip","S-globular","Olsson et al. (2006a)","Sub-thermocline","Poore & Matthews (1984); Coxall et al. (2000); Wade & Kroon (2002)","Cosmopolitan","Olsson et al. (2006a)",30,39,20.939572,27.6070418,44.5262312,45.132102,61.53846154,100,"FAD: Olsson et al. (2006a); LAD: B.S. Wade & P. N. Pearson in preparation","t495","T313","part of N310T313",91963.152104644,11.4291432551997,171.092900143553,"Subbotina utilisindex","S-globular",FALSE,FALSE
"394","TA","Subbotina velascoensis","Macroperforate","Trochospiral","Spinose","Cancellate","Umbilical-extraumbilical slit bordered by thin squared-off lip that does not extend full length of aperture","S-globular","Olsson et al. (1999)","Thermocline","Berggren & Norris (1997); Coxall et al. (2000)","Cosmopolitan","Olsson et al. (1999)",54.5,59.4,43.718216,49.4264625,58.5493348,60.611083,83.33333333,100,"Olsson et al. (1999)","n496t497","N306T307",NA,92319.4444444445,11.4330100640077,171.424011893497,"Subbotina velascoensis","S-globular",FALSE,FALSE
"395","TA","Subbotina yeguaensis","Macroperforate","Moderately elevated trochospiral, globular","Spinose","Cancellate","Umbilical low round opening bordered by broad lip","S-globular","Olsson et al. (2006a)","Sub-thermocline","Boersma et al. (1987); Coxall et al. (2000)","Cosmopolitan","Olsson et al. (2006a)",33.7,50.4,14.84338,29.61744475,51.66963775,53.855242,65,88.88888889,"Olsson et al. (2006a)","n610n612t613","N77T266",NA,100043.106733787,11.5133564394253,178.450861353776,"Subbotina yeguaensis","S-globular",FALSE,FALSE
"396","PP_IF","Tenuitella angustiumbilicata","Microperforate",NA,NA,"Microperforate",NA,NA,"Bronnimann and Resig (1971), Kennett and Srinivasan (1983), Li et al. (1987), Pearson et al. (in press b)",NA,NA,NA,NA,20,33.2,NA,NA,NA,NA,NA,NA,NA,"Tenuitella munda",NA,NA,NA,NA,NA,"Tenuitella angustiumbilicata",NA,FALSE,FALSE
"397","PP_IF","Tenuitella clemenciae","Microperforate","Tenuitella cf. clemenciae follows the concept of Kennett and Srinivasan. The holotype of clemenciae is probably conspecific with M. mirabilis.",NA,"Microperforate",NA,NA,"Bronnimann and Resig (1971), Kennett and Srinivasan (1983), Li et al. (1987), Pearson et al. (in press b)",NA,NA,NA,NA,1.5,21.7,NA,NA,NA,NA,NA,NA,NA,"Tenuitella angustiumbilicata",NA,NA,NA,NA,NA,"Tenuitella clemenciae",NA,FALSE,FALSE
"398","PP_IF","Tenuitella fleisheri","Microperforate",NA,NA,"Microperforate",NA,NA,"Bronnimann and Resig (1971), Kennett and Srinivasan (1983), Li et al. (1987), Pearson et al. (in press b)",NA,NA,NA,NA,0,1.8,NA,NA,NA,NA,NA,NA,NA,"Tenuitella clemenciae",NA,NA,NA,NA,NA,"Tenuitella fleisheri",NA,FALSE,FALSE
"399","IF","Tenuitella gemma","Microperforate","Very low trochospiral, equatorial periphrey lobate",NA,"Microperforate","Very low arch bordered by a narrow lip, intra- to extraumbilical in position, sometimes extending to periphery",NA,NA,NA,NA,NA,NA,24,34.5,NA,NA,NA,NA,NA,NA,NA,"Tenuitella praegemma",NA,NA,NA,NA,NA,"Tenuitella gemma",NA,FALSE,FALSE
"400","IF","Tenuitella insolita","Microperforate","Subquadrate to subcircular, rounded equatorial margin",NA,"Microperforate","Distinct, high, sometimes triangular arch that may be aligned with the equatorial periphery",NA,NA,NA,NA,NA,NA,34.49,35.54,NA,NA,NA,NA,NA,NA,NA,NA,NA,NA,NA,NA,NA,"Tenuitella insolita",NA,FALSE,FALSE
"401","PP_IF","Tenuitella iota","Microperforate",NA,NA,"Microperforate",NA,NA,"Bronnimann and Resig (1971), Kennett and Srinivasan (1983), Li et al. (1987), Pearson et al. (in press b)",NA,NA,NA,NA,0,1.7,NA,NA,NA,NA,NA,NA,NA,"Tenuitella fleisheri",NA,NA,NA,NA,NA,"Tenuitellita iota",NA,FALSE,FALSE
"402","PP_IF","Tenuitella minutissima","Microperforate",NA,NA,"Microperforate",NA,NA,"Bronnimann and Resig (1971), Kennett and Srinivasan (1983), Li et al. (1987), Pearson et al. (in press b)",NA,NA,NA,NA,13.7,21.7,NA,NA,NA,NA,NA,NA,NA,"Tenuitella clemenciae",NA,NA,NA,NA,NA,"Tenuitella minutissima",NA,FALSE,FALSE
"403","PP_IF","Tenuitella munda","Microperforate",NA,NA,"Microperforate",NA,NA,"Bronnimann and Resig (1971), Kennett and Srinivasan (1983), Li et al. (1987), Pearson et al. (in press b)",NA,NA,NA,NA,16.35,34.4,NA,NA,NA,NA,NA,NA,NA,"Tenuitella gemma",NA,NA,NA,NA,NA,"Tenuitella munda",NA,FALSE,FALSE
"404","PP_IF","Tenuitella neobrevispira","Microperforate",NA,NA,"Microperforate",NA,NA,"Bronnimann and Resig (1971), Kennett and Srinivasan (1983), Li et al. (1987), Pearson et al. (in press b)",NA,NA,NA,NA,13.7,14.5,NA,NA,NA,NA,NA,NA,NA,"Tenuitella minutissima",NA,NA,NA,NA,NA,"Tenuitella neobrevispira",NA,FALSE,FALSE
"405","PP_IF","Tenuitella parkerae","Microperforate",NA,NA,"Microperforate",NA,NA,"Bronnimann and Resig (1971), Kennett and Srinivasan (1983), Li et al. (1987), Pearson et al. (in press b)",NA,NA,NA,NA,0,3.7,NA,NA,NA,NA,NA,NA,NA,"Tenuitella clemenciae",NA,NA,NA,NA,NA,"Tenuitellita parkerae",NA,FALSE,FALSE
"406","IF","Tenuitella patefacta","Microperforate","Small, lobulate circular in outline, globular chambers",NA,"Microperforate","Low extraumbilical-umbilical arch bordered by a narrow, equidimensional lip",NA,NA,NA,NA,NA,NA,33.85,35.4,NA,NA,NA,NA,NA,NA,NA,"Tenuitella insolita",NA,NA,NA,NA,NA,"Tenuitella patefacta",NA,FALSE,FALSE
"407","IF","Tenuitella praegemma","Microperforate","Small, lobulate circular in outline, globular chambers",NA,"Microperforate","Low extraumbilical-umbilical arch bordered by a narrow, equidimensional lip that may extends to the spiral side",NA,NA,NA,NA,NA,NA,33.1,34.8,NA,NA,NA,NA,NA,NA,NA,NA,NA,NA,NA,NA,NA,"Tenuitella praegemma",NA,FALSE,FALSE
"408",NA,"Trilobatus altospiralis","Microperforate",NA,NA,NA,NA,NA,NA,NA,NA,NA,NA,7.5,22.6,NA,NA,NA,NA,NA,NA,NA,NA,NA,NA,NA,NA,NA,"Trilobatus altospiralis",NA,FALSE,FALSE
"409","TA_IF","Trilobatus bisphericus","Macroperforate","Bilobate outline, has enveloping last chamber which almost completely hides the umbilicus","Spinose","Cancellate","Only two apertures are present along the suture between the last and earlier chambers though more apertures may remain open on the spire","S-globular, supplementary apertures","Bolli & Saunders (1985)","Symbiotic SML","Keller (1985); Pearson & Shackleton (1995)","Low latitudes","Pearson et al. (1997a)",15.7,18.84,8.83585,14.080776,17.6710504,20.006201,84.61538462,100,"Pearson & Chaisson (1997)","n549t550","T338",NA,130166.666666667,11.7765709595938,203.551803852459,"Trilobatus bisphericus","S-globular",FALSE,TRUE
"410",NA,"Trilobatus immaturus","Macroperforate",NA,NA,NA,NA,"S-globular, supplementary apertures",NA,"Symbiotic SML",NA,NA,NA,0,23.73,NA,NA,NA,NA,NA,NA,NA,NA,NA,NA,NA,NA,NA,"Trilobatus sacculifer",NA,FALSE,FALSE
"411",NA,"Trilobatus praeimmaturus","Macroperforate",NA,NA,NA,NA,"S-globular, supplementary apertures",NA,"Symbiotic SML",NA,NA,NA,16,22.4,NA,NA,NA,NA,NA,NA,NA,NA,NA,NA,NA,NA,NA,"Trilobatus sacculifer",NA,FALSE,FALSE
"412","TA_IF","Trilobatus primordius","Macroperforate","Low trochospiral, equatorial profile elongate","Spinose","Cancellate","Primary aperture interiomarginal umbilical low to moderate arch. Supplementary sutural aperture on spiral side","S-globular, supplementary apertures","Kennett & Srinivasan (1983)","Symbiotic SML","Keller (1985); Pearson & Wade (2009); Pearson et al. (1997b); Poore & Matthews (1984)","Low latitudes","Kennett & Srinivasan (1983)",17.62,26.7,17.081265,19.6418443,26.4234413,30.299241,92.85714286,100,"FAD: Spezzaferri (1994); LAD: Chaproniere (1992)","t648","T287",NA,88473.2757321678,11.3904558162661,167.815131405405,"Trilobatus primordius","S-globular",FALSE,TRUE
"413",NA,"Trilobatus quadrilobatus","Macroperforate",NA,NA,NA,NA,"S-globular, supplementary apertures",NA,"Symbiotic SML",NA,NA,NA,13.74,23.75,NA,NA,NA,NA,NA,NA,NA,NA,NA,NA,NA,NA,NA,"Trilobatus sacculifer",NA,FALSE,FALSE
"414","TA_IF","Trilobatus sacculifer","Macroperforate","Low trochospiral, chambers spherical except final one which is sack like","Spinose","Cancellate","Primary aperture interiomarginal umbilicalwide arch with rim. Supplementary sutural apertures on spiral side","S-globular, supplementary apertures","Kennett & Srinivasan (1983)","Symbiotic SML","Keller (1985); D. R. M. Stewart unpublished data","Low latitudes","Kennett & Srinivasan (1983)",0,10.9,0.003513,0.5747584,14.5882968,50.551636,49.01960784,100,"Chaisson & Pearson (1997)","n562t563","N339T341","part of N337N339T341",215414.140119938,12.2803176874177,261.855781727188,"Trilobatus sacculifer","S-globular",FALSE,TRUE
"415","TA_IF","Trilobatus sicanus","Macroperforate","Subspherical to spherical","Spinose","Cancellate","Two-three irregular narrow slits at the base of the final chamber","S-spherical","Kennett & Srinivasan (1983)","Symbiotic SML","Pearson et al. (1997, 2001b)","Low to middle latitudes","Kennett & Srinivasan (1983)",14.53,16.4,0.008995,4.3418118,16.7568186,20.389263,80.95238095,100,"Kennett & Srinivasan (1983)","n551t552","T338",NA,203188.940436274,12.2218915662184,254.316827017159,"Trilobatus sicanus","S-spherical",FALSE,FALSE
"416",NA,"Trilobatus subsacculifer","Macroperforate",NA,NA,NA,NA,"S-globular, supplementary apertures",NA,"Symbiotic SML",NA,NA,NA,8,23,NA,NA,NA,NA,NA,NA,NA,NA,NA,NA,NA,NA,NA,"Trilobatus sacculifer",NA,FALSE,FALSE
"417","TA_IF","Trilobatus trilobus","Macroperforate","Trochospiral, chambers spherical, three in final whorl","Spinose","Cancellate","Primary aperture interiomarginal umbilical low slit. Supplementary sutural aperture on spiral side","S-globular, supplementary apertures","Kennett & Srinivasan (1983)","Symbiotic SML","Keller (1985); Pearson et al. (2001b); Pearson & Shackleton (1995)","Low latitudes","Kennett & Srinivasan (1983)",0,23.4,0.003513,0.699689,17.37273535,24.707875,100,100,"FAD: Stanley et al. (1988); LAD: Chaisson & Pearson (1997)","n548n560t561","N337N339T341",NA,128012.959364261,11.7598867828101,201.860819688438,"Trilobatus sacculifer","S-globular",FALSE,TRUE
"418","TA","Truncorotalia cavernula","Macroperforate","Small, very low trochospiral, spiral side almost flat, umbilical side distinctly convex","Non-spinose","Smooth","Interiomarginal umbilical-extraumbilical high rounded arch with a distinct rim","NS-globorotaliform, anguloconical","Kennett & Srinivasan (1983)","Sub-thermocline","This study","Middle latitudes","Kennett & Srinivasan (1983)",0,0.89,0.112986,0.112986,0.112986,0.112986,100,100,"D. R. M. Stewart unpublished data","t131","T65",NA,105350.237953599,11.5650456779256,183.122970302596,"Globorotalia cavernula","NS-rotaliform",FALSE,FALSE
"419","TA","Truncorotalia crassaconica","Macroperforate","Ventroconical, steep conical umbilical side, keeled, heavily pustulate test","Non-spinose","Smooth","Interiomarginal umbilical-extraumbilical low-arched slit","NS-globorotaliform, anguloconical","D. R. M. Stewart unpublished data","Sub-thermocline","This study","Low to middle latitudes","This study",3.72,4.42,NA,NA,NA,NA,NA,0,"D. R. M. Stewart unpublished data","t111","T57",NA,NA,NA,NA,"Globorotalia crassaconica","NS-rotaliform",FALSE,FALSE
"420","TA","Truncorotalia crassaformis","Macroperforate","Low trochospiral, spiral side almost flat, umbilical side strongly convex","Non-spinose","Smooth","Interiomarginal umbilical-extraumbilical low-arched slit bordered by lip","NS-globorotaliform, anguloconical","Kennett & Srinivasan (1983)","Sub-thermocline","D. R. M. Stewart unpublished data","Low to middle latitudes","Kennett & Srinivasan (1983)",0,5.72,0.007026,0.40604095,4.35441665,6.761518,100,100,"D. R. M. Stewart unpublished data","n109n110n112t114","N56N58N59T61",NA,194398.175342484,12.1776637848661,248.75462019348,"Globorotalia crassaformis","NS-rotaliform",FALSE,FALSE
"421","TA","Truncorotalia crassula","Macroperforate","Very low trochospiral, spiral side almost flat, umbilical side convex","Non-spinose","Smooth","Interiomarginal umbilical-extraumbilical low arch with lip","NS-globorotaliform, anguloconical","Kennett & Srinivasan (1983)","Sub-thermocline","Shackleton & Vincent (1978)","Low latitudes","Kennett & Srinivasan (1983)",0.89,5.58,0,0.6012627,5.1226853,6.019349,100,100,"FAD: D. R. M. Stewart unpublished data; LAD: Jenkins & Orr (1972)","t134","T55",NA,176703.224361198,12.0822269057995,237.163199579365,"Globorotalia crassula","NS-rotaliform",FALSE,FALSE
"422","TA","Truncorotalia excelsa","Macroperforate","Ventroconical, steep conical umbilical side, spiral side flat to slightly concave, acutely keeled, heavily pustulate test","Non-spinose","Smooth","Interiomarginal umbilical-extraumbilical low-arched slit","NS-globorotaliform, anguloconical","D. R. M. Stewart unpublished data","Sub-thermocline","This study","Low to middle latitudes","Kennett & Srinivasan (1983)",0,1.96,0.230516,0.230516,0.230516,0.230516,100,50,"D. R. M. Stewart unpublished data","n126t127","T66","part of N64T66",NA,NA,NA,"Globorotalia truncatulinoides","NS-rotaliform",FALSE,FALSE
"423","TA","Truncorotalia hessi","Macroperforate","As T. crassaformis but more subquadrangular in equatorial view and final chamber is more reduced","Non-spinose","Smooth","Interiomarginal umbilical-extraumbilical low-arched slit bordered by lip","NS-globorotaliform, anguloconical","D. R. M. Stewart unpublished data","Sub-thermocline","This study","Low to middle latitudes","Kennett & Srinivasan (1983)",0.38,1.91,0.348393,0.5184279,1.8509413,2.537432,100,100,"D. R. M. Stewart unpublished data","t120","T60",NA,176336.262282691,12.0801480323332,236.916811512561,"Globorotalia hessi","NS-rotaliform",FALSE,FALSE
"424","TA","Truncorotalia oceanica","Macroperforate","As T. crassaformis but has greater chamber rounding and a less conical umbilical side than T. ronda","Non-spinose","Smooth","Interiomarginal umbilical-extraumbilical low-arched slit bordered by lip","NS-globorotaliform, anguloconical","D. R. M. Stewart unpublished data","Sub-thermocline","This study","Low to middle latitudes","Kennett & Srinivasan (1983)",0,5.53,0.433605,0.7650652,3.0909578,3.270818,100,66.66666667,"D. R. M. Stewart unpublished data","n115t116","N58N59T61","part of N56N58N59T61",144791.666666667,11.8830512066331,214.682600452454,"Globorotalia crassaformis","NS-rotaliform",FALSE,FALSE
"425","TA","Truncorotalia pachytheca","Macroperforate","As T. truncatulinoides but with more rounded chambers and less conical umbilical side","Non-spinose","Smooth","Interiomarginal umbilical-extraumbilical low arch bordered by lip","NS-globorotaliform, anguloconical","D. R. M. Stewart unpublished data","Sub-thermocline","This study","Low latitudes","Kennett & Srinivasan (1983)",0,1.91,NA,NA,NA,NA,NA,0,"D. R. M. Stewart unpublished data","t128","T66","part of N64T66",NA,NA,NA,"Globorotalia truncatulinoides","NS-rotaliform",FALSE,FALSE
"426","TA","Truncorotalia ronda","Macroperforate","As T. crassaformis but more rounded peripheral margin and relatively thickened test","Non-spinose","Smooth","Interiomarginal umbilical-extraumbilical low-arched slit bordered by lip","NS-globorotaliform, anguloconical","D. R. M. Stewart unpublished data","Sub-thermocline","This study","Low to middle latitudes","Kennett & Srinivasan (1983)",1.01,4.19,0.10045,0.6252533,3.2256341,4.259173,100,100,"D. R. M. Stewart unpublished data","n117n118t119","N58N59","part of N56N58N59T61",137118.055555556,11.8285975531269,208.916329322606,"Globorotalia ronda","NS-rotaliform",FALSE,FALSE
"427","TA","Truncorotalia tenuitheca","Macroperforate","As T. tosaensis with sharper curvature and less incision of spiral sutures","Non-spinose","Smooth","Interiomarginal umbilical-extraumbilical low-arched slit bordered by lip","NS-globorotaliform, anguloconical","D. R. M. Stewart unpublished data","Sub-thermocline","This study","Low latitudes","Kennett & Srinivasan (1983)",1.35,3.57,0.433605,1.715289,3.0531998,3.141273,100,100,"D. R. M. Stewart unpublished data","n121t122","N62","part of N62T63",83993.0555555555,11.3384894024503,163.510916926417,"Globorotalia tenuitheca","NS-rotaliform",FALSE,FALSE
"428","TA","Truncorotalia tosaensis","Macroperforate","Low trochospiral, strongly umbilico-convex with flat spiral side, commonly 5 chambers in final whorl","Non-spinose","Smooth","Interiomarginal umbilical-extraumbilical low-arched slit bordered by lip","NS-globorotaliform, anguloconical","Kennett & Srinivasan (1983)","Sub-thermocline","Shackleton & Vincent (1978)","Low latitudes","Kennett & Srinivasan (1983)",0.61,3.35,0.279067,0.7253129,3.4149063,5.79649,100,100,"Chaisson & Leckie (1993)","n123t124","N62T63",NA,171983.126705848,12.055151650436,233.974206884586,"Globorotalia tosaensis","NS-rotaliform",FALSE,FALSE
"429","TA","Truncorotalia truncatulinoides","Macroperforate","Low trochospiral, strongly umbilico-convex with distinct keel","Non-spinose","Smooth","Interiomarginal umbilical-extraumbilical low arch bordered by lip","NS-globorotaliform, anguloconical","Kennett & Srinivasan (1983)","Sub-thermocline","Vergnaud-Grazzini (1976); Shackleton & Vincent (1978)","Low latitudes","Kennett & Srinivasan (1983)",0,2.01,0.003513,0.112986,2.4914688,11.102836,66.66666667,100,"D. R. M. Stewart unpublished data","n125n129t130","N64T66",NA,361986.223308768,12.7993614329256,339.446304356837,"Globorotalia truncatulinoides","NS-rotaliform",FALSE,FALSE
"430","TA","Truncorotalia viola","Macroperforate","As T. crassaformis but has keel and more angular chambers","Non-spinose","Smooth","Interiomarginal umbilical-extraumbilical low-arched slit bordered by lip","NS-globorotaliform, anguloconical","D. R. M. Stewart unpublished data","Sub-thermocline","This study","Low to middle latitudes","Kennett & Srinivasan (1983)",1.46,3.72,0.660388,0.8262952,3.0107788,6.132982,71.42857143,100,"D. R. M. Stewart unpublished data","t113","N59","part of N56N58N59T61",164500,12.0106658491876,228.827394070801,"Globorotalia viola","NS-rotaliform",FALSE,FALSE
"431","TA","Turborotalia altispiroides","Macroperforate","High trochospiral, globular to spherical","Spinose","Cancellate","A broad arch overhanging the umbilicus","NS-globular","Pearson et al. (2006)","Asymbiotic SML","Pearson et al. (2001a)","Cosmopolitan","Pearson et al. (2006)",37.2,40.8,NA,NA,NA,NA,NA,0,"Pearson et al. (2006)","t46","N15T16","2 lineages N15N17 and T16",211925.060960324,12.263988005127,259.726475419379,"Turborotalia altispiroides","NS-globular",FALSE,FALSE
"432","TA","Turborotalia ampliapertura","Macroperforate","Moderately high trochospiral, compact globular","Spinose","Cancellate","Umbilical-extraumbilical high arch","NS-globular","Pearson et al. (2006)","Asymbiotic SML","Pearson et al. (2007)","Cosmopolitan","Pearson et al. (2006)",30.3,40.3,0.330943,29.4700065,34.545451,38.984189,38.46153846,100,"Pearson et al. (2006)","n50t52","N21T22","2 lineages N21T24 and T22",172789.709133425,12.0598305799527,234.522222077121,"Turborotalia ampliapertura","NS-globular",FALSE,FALSE
"433","TA","Turborotalia cerroazulensis","Macroperforate","Moderate trochospiral, rounded-conical shape","Spinose","Cancellate","Umbilical-extraumbilical broad arch sometimes slit-like","NS-globorotaliform, anguloconical","Pearson et al. (2006)","Asymbiotic SML","Pearson et al. (2007)","Cosmopolitan","Pearson et al. (2006)",33.8,41.8,32.939302,33.7294835,40.807255,40.890584,100,88.88888889,"Pearson et al. (2006)","n40t41","N15N17N18T19","2 lineages N15N17 and N18T19",165448.535572369,12.0164154621312,229.48617502437,"Turborotalia cerroazulensis","NS-rotaliform",FALSE,FALSE
"434","TA","Turborotalia cocoaensis","Macroperforate","Large, low to moderate trochospiral, compressed conical to slightly biconvex","Spinose","Cancellate","Umbilical-extraumbilical broad arch usually with an imperforate pustose lip","NS-turborotaliform, keeled","Pearson et al. (2006)","Thermocline","Pearson et al. (2007)","Cosmopolitan","Pearson et al. (2006)",33.8,38.6,32.029085,33.5054695,38.7335947,39.356638,100,100,"Pearson et al. (2006)","n42t43","T20",NA,194045.158796602,12.1758461882591,248.528655110557,"Turborotalia cocoaensis","NS-rotaliform",TRUE,FALSE
"435","TA","Turborotalia cunialensis","Macroperforate","Low trochospiral, dorso-ventrally strongly compressed, biconvex","Spinose","Cancellate","Extraumbilical almost circular broad arch","NS-turborotaliform, keeled","Pearson et al. (2006)","Asymbiotic SML","This study","Cosmopolitan","Pearson et al. (2006)",33.8,34.1,33.999656,34.13665195,34.72794225,35.036793,100,100,"Pearson et al. (2006)","t44","T20",NA,102436.500464218,11.5369983779203,180.572840714851,"Turborotalia cunialensis","NS-rotaliform",TRUE,FALSE
"436","TA","Turborotalia frontosa","Macroperforate","Trochospiral","Spinose","Cancellate","Umbilical-extraumbilical broad high arch with pronounced imperforate lip","NS-globular","Pearson et al. (2006)","Sub-thermocline","Boersma et al. (1987); Pearson (1993); Pearson et al. (2001a)","Cosmopolitan","Pearson et al. (2006)",40.8,49,28.254171,39.5669062,48.4586946,52.153492,48,88.88888889,"Pearson et al. (2006)","n35n37t38","N15","part of N15N17",107378.533540815,11.5841155671578,184.877388530776,"Turborotalia frontosa","NS-globular",FALSE,FALSE
"437","TA","Turborotalia increbescens","Macroperforate","Moderate to high trochospiral, compact and rounded","Spinose","Cancellate","Umbilical-extraumbilical very broad arch with an irregular imperforate lip","NS-turborotaliform, non-keeled","Pearson et al. (2006)","Asymbiotic SML","Pearson et al. (2007)","Cosmopolitan","Pearson et al. (2006)",31.6,39.1,30.220551,30.47534785,36.0385449,38.451499,88.88888889,80,"Pearson et al. (2006)","n49t54","N17N21T24","2 lineages N15N17 and N21T24",116590.407367727,11.6664222799407,192.644437499096,"Turborotalia increbescens","NS-rotaliform",FALSE,FALSE
"438","TA","Turborotalia pomeroli","Macroperforate","Large, high to moderate trochospiral","Spinose","Cancellate","Umbilical-extraumbilical irregular arch with an occasional imperforate lip","NS-globular","Pearson et al. (2006)","Asymbiotic SML","Boersma et al. (1987); Pearson et al. (2001a)","Cosmopolitan","Pearson et al. (2006)",34.6,42.4,21.867246,24.1453025,41.3393295,41.603376,66.66666667,70,"Pearson et al. (2006)","n39n45n47t48","N15N17N18","2 lineages N15N17 and N18T19",137107.325718962,11.8285192975216,208.908155045624,"Turborotalia pomeroli","NS-globular",FALSE,FALSE
"439","TA","Turborotalia possagnoensis","Macroperforate","Trochospiral, compressed","Spinose","Cancellate","Umbilical-extraumbilical broad arch usually with a thin imperforate lip","NS-globular","Pearson et al. (2006)","Asymbiotic SML","Poore & Matthews (1984)","Cosmopolitan","Pearson et al. (2006)",40.8,43.95,40.321404,40.78162715,45.08388275,46.038352,85.71428571,100,"Pearson et al. (2006)","t36","N15","part of N15N17",112157.950433882,11.6276634285091,188.94704135608,"Turborotalia possagnoensis","NS-globular",FALSE,FALSE
"440","TA","Turborotalita carcoselleensis","Macroperforate","Low trochospiral, lobulate outline","Spinose","Cancellate","Umbilical wide arch bordered by an imperforate rim or narrow thickened lip","S-flat","Olsson et al. (2006a)","Asymbiotic SML","This study","Low to middle latitudes","Olsson et al. (2006a)",35.9,44.4,34.40026,34.40398125,40.06515655,40.28064,100,60,"Olsson et al. (2006a)","n501t502","N315","part of N315T316",47159.6667443534,10.7612942881368,122.520970261668,"Turborotalita carcoselleensis","S-flat-clavate",FALSE,FALSE
"441","TA","Turborotalita clarkei","Macroperforate","Small, slightly compressed trochospiral, final chamber distinctly spinose, can be heavily encrusted","Spinose","Cancellate","Interiomarginal umbilical-extraumbilical very low arch","S-flat","Brummer & Kroon (1988)","Asymbiotic SML","This study","Low latitudes","Brummer & Kroon (1988)",0,1.69,NA,NA,NA,NA,NA,0,"Hemleben et al. (1989)","t512","T317",NA,26167.638483965,10.1722787539273,91.2656453849392,"Turborotalita clarkei","S-flat-clavate",FALSE,FALSE
"442","TA","Turborotalita cristata","Macroperforate","Minute, very low trochospiral, equatorial periphery distinctly lobulate, short conical spine along periphery","Spinose","Cancellate","Interiomarginal umbilical-extraumbilical low arch bordered by thin lip","S-flat","Kennett & Srinivasan (1983)","Asymbiotic SML","This study","Low latitudes","Kennett & Srinivasan (1983)",0,4.54,3.453509,3.5601687,4.2070222,4.229124,100,40,"NEPTUNE","n510t511","T317",NA,14975.831189267,9.61419292656964,69.043139567688,"Turborotalita humilis","S-flat-clavate",FALSE,FALSE
"443","TA","Turborotalita humilis","Macroperforate","Minute, low trochospiral, equatorial periphery almost circular, tongue-like extension of the final chamber over the umbilicus","Spinose","Cancellate","Interiomarginal umbilical-extraumbilical except when covered by tongue-like extension. Several infralaminal apertures present","S-flat","Kennett & Srinivasan (1983)","Asymbiotic SML","This study","Low latitudes","Kennett & Srinivasan (1983)",0,5.81,0,1.0592667,12.7613251,25.1541,74.07407407,100,"Kennett & Srinivasan (1983)","n508t509","T317",NA,20957.6505554728,9.95025904033317,81.6763574297495,"Turborotalita humilis","S-flat-clavate",FALSE,FALSE
"444","TA","Turborotalita praequinqueloba","Macroperforate","Very low trochospiral, lobulate outline, globular","Spinose","Cancellate","Umbilical wide arch bordered by an imperforate rim or narrow thickened lip","S-flat","Olsson et al. (2006a)","Asymbiotic SML","This study","Low latitudes","Olsson et al. (2006a)",27.7,35.6,NA,NA,NA,NA,NA,0,"Olsson et al. (2006a)","n503t504","N315","part of N315T316",172676.233961458,12.0591736400817,234.44520122817,"Turborotalita praequinqueloba","S-flat-clavate",FALSE,FALSE
"445","TA","Turborotalita quinqueloba","Macroperforate","Small, slightly compressed, trochospiral, final chamber distinctly spinose","Spinose","Cancellate","An elongate slit often at the end of a flap-like structure of the final chamber","S-flat","Kennett & Srinivasan (1983)","High latitude","Pearson & Wade (2009)","Low to high latitudes","Kennett & Srinivasan (1983)",0,37,0.003513,0.2458472,14.2542202,33.323925,73.52941176,92.30769231,"Kennett & Srinivasan (1983)","n506t507","N315T316",NA,21905.5303556282,9.9944944115791,83.5029752421767,"Turborotalita quinqueloba","S-flat-clavate",FALSE,FALSE
"446","IF","Woodringina claytonensis","Microperforate","Biserial",NA,"Microperforate","Variable",NA,NA,NA,NA,NA,NA,62.9,65,NA,NA,NA,NA,NA,NA,NA,NA,NA,NA,NA,NA,NA,"Woodringina claytonensis",NA,FALSE,FALSE
"447","IF","Woodringina hornerstownensis","Microperforate","Biserial",NA,"Microperforate","Terminal, thin flange",NA,NA,NA,NA,NA,NA,60.73,66,NA,NA,NA,NA,NA,NA,NA,NA,NA,NA,NA,NA,NA,"Woodringina hornerstownensis",NA,FALSE,FALSE
"448","IF","Zeauvigerina aegyptiaca","Microperforate","Biserial",NA,"Microperforate","Terminal, thick flange",NA,NA,NA,NA,NA,NA,55.9,59.2,NA,NA,NA,NA,NA,NA,NA,NA,NA,NA,NA,NA,NA,"Zeauvigerina aegyptiaca",NA,FALSE,FALSE
"449",NA,"Zeauvigerina lodoensis","Microperforate",NA,NA,NA,NA,NA,NA,NA,NA,NA,NA,52.54,60.52,NA,NA,NA,NA,NA,NA,NA,NA,NA,NA,NA,NA,NA,"Zeauvigerina lodoensis",NA,FALSE,FALSE
"450",NA,"Zeauvigerina parri","Microperforate",NA,NA,NA,NA,NA,NA,NA,NA,NA,NA,43.23,50.2,NA,NA,NA,NA,NA,NA,NA,NA,NA,NA,NA,NA,NA,"Zeauvigerina parri",NA,FALSE,FALSE
"451",NA,"Zeauvigerina virgata","Microperforate",NA,NA,NA,NA,NA,NA,NA,NA,NA,NA,61.33,63.9,NA,NA,NA,NA,NA,NA,NA,NA,NA,NA,NA,NA,NA,"Zeauvigerina virgata",NA,FALSE,FALSE
"452","IF","Zeauvigerina waiparaensis","Microperforate","Biserial",NA,"Microperforate","Terminal, oval-shaped aperture",NA,NA,NA,NA,NA,NA,60,69.18,NA,NA,NA,NA,NA,NA,NA,NA,NA,NA,NA,NA,NA,"Zeauvigerina waiparaensis",NA,FALSE,FALSE
"453",NA,"Zeauvigerina zelandica","Microperforate",NA,NA,NA,NA,NA,NA,NA,NA,NA,NA,35.89,55.96,NA,NA,NA,NA,NA,NA,NA,NA,NA,NA,NA,NA,NA,"Zeauvigerina zelandica",NA,FALSE,FALSE
