"","species","max_occ_count_1My","mean_occ_count_1My","sampling_rate","pal.lat","pal.long","pal.absLat.var","pal.long.var","rel.abun","age","sample.depth","latitude","longitude","MacroMicro","reason","age.calc","sample.type","morphogroup","ecogroup","morphogroup_simplified","ecogroup_simplified","db.source"
"Acarinina alticonica","Acarinina alticonica",19,11,10.7954545454545,-55,-13.44,219.008482578947,0.702482730099185,8.41938145952135,49.7941860429063,205.167272488794,-33.120545,-30.2781,"Macroperforate","Unspecified","Orig","ODP","17",1,"NS_muricate","Symbiotic_SML","IODP"
"Acarinina angulosa","Acarinina angulosa",53,25,26.3757115749525,20.43,-169.54,167.102854812612,0.943626606984443,7.4089324136478,51.4456318193989,185.844273501797,32.00216,157.849992195122,"Macroperforate","Unspecified","Orig","ODP","17",1,"NS_muricate","Symbiotic_SML","Pangaea"
"Acarinina aspensis","Acarinina aspensis",17,10,14.4230769230769,22.26,-170.049999998477,38.0409826436782,0.450498671514769,6.57823338121902,49.0959767281773,197.683928571429,32.224,158.259,"Macroperforate","Biostratigraphy","Orig","ODP","17",1,"NS_muricate","Symbiotic_SML","Pangaea"
"Acarinina boudreauxi","Acarinina boudreauxi",3,2,1.67785234899329,-10.35,57.93,289.427201111111,0.115183544809862,8.25001107436982,45.7464145463118,243.951172413793,6.51616666666667,70.9836666666667,"Macroperforate","Biostratigraphy","Model","ODP","17",1,"NS_muricate","Symbiotic_SML","IODP"
"Acarinina bullbrooki","Acarinina bullbrooki",142,93,107.024265644955,36.54,-22.44,178.686472449908,0.402768415761528,16.3825618577486,44.181188631433,299.582375588986,32.002,-35.285,"Macroperforate","Unspecified","Orig","ODP","17",1,"NS_muricate","Symbiotic_SML","Neptune"
"Acarinina coalingensis","Acarinina coalingensis",97,44,48.8372093023256,19.69,-161.99,203.713791129835,0.957794859812178,9.91209565921882,53.715952466079,201.927582439815,32.00216,86.7916666666667,"Macroperforate","Unspecified","Orig","ODP","17",1,"NS_muricate","Symbiotic_SML","Neptune"
"Acarinina collactea","Acarinina collactea",50,24,21.7996987951807,-51.28,-13.57,256.119535118418,0.358039595628142,11.1957848492873,42.3871016219341,231.477641204514,-50.9464333333333,-26.3686166666666,"Macroperforate","Unspecified","Model","ODP","17",1,"NS_muricate","Symbiotic_SML","IODP"
"Acarinina cuneicamerata","Acarinina cuneicamerata",25,14,15.4320987654321,23.78,-170.1,223.721451515152,0.801399204350422,8.99592523268556,47.2564011332483,203.92744019114,32.224,158.25936,"Macroperforate","Unspecified","Orig","ODP","17",1,"NS_muricate","Symbiotic_SML","Neptune"
"Acarinina echinata","Acarinina echinata",14,5,4.89853044086774,-60.115,74.31,164.231997598344,0.342725418636567,8.49194164622368,35.3874348756128,200.441500655736,-61.579,80.595,"Macroperforate","Unspecified","Orig","ODP","17",1,"NS_muricate","Symbiotic_SML","Neptune"
"Acarinina esnaensis","Acarinina esnaensis",47,23,27.6276276276276,20.35,-167.93,311.500848607152,0.76256275905845,7.07875506938159,54.1386463596946,197.548374655574,32.00216,158.25918,"Macroperforate","Unspecified","Orig","ODP","17",1,"NS_muricate","Symbiotic_SML","Neptune"
"Acarinina esnehensis","Acarinina esnehensis",31,15,15,21.29,-169.8,98.3347891283246,0.419112013694571,5.61524741586712,52.038823513608,180.61991897729,32.22353,158.259,"Macroperforate","Biostratigraphy","Orig","ODP","17",1,"NS_muricate","Symbiotic_SML","Pangaea"
"Acarinina interposita","Acarinina interposita",5,2,2.64900662251656,-53.08,-12.78,146.444620454545,0.14821778776172,6.22285659977234,51.6642262702117,252.232408761953,-51.533,-28.7144523443168,"Macroperforate","Community analysis","Zone","Drilling/drill rig (DRILL)","17",1,"NS_muricate","Symbiotic_SML","Pangaea"
"Acarinina mcgowrani","Acarinina mcgowrani",1,1,0.28328611898017,-53.775,175.16,96.6819,0.548351205295589,16.863711001642,43.4071713186544,315.42,-34.6521866666667,165.827665,"Macroperforate","Biostratigraphy","Model","ODP","17",1,"NS_muricate","Symbiotic_SML","IODP"
"Acarinina mckannai","Acarinina mckannai",37,21,28.052805280528,33.09,-19.94,275.405768123249,0.692620405681861,12.5272178258165,58.6980918844225,343.8290625,29.5902,1.711,"Macroperforate","Unspecified","Orig","ODP","17",1,"NS_muricate","Symbiotic_SML","Neptune"
"Acarinina medizzai","Acarinina medizzai",18,12,6.34110787172012,-50.61,-15.19,173.593895054798,0.143894479486031,7.96620438194997,39.351303409679,198.119698808989,-50.9464333333333,-26.3686166666667,"Macroperforate","Unspecified","Model","ODP","17",1,"NS_muricate","Symbiotic_SML","IODP"
"Acarinina nitida","Acarinina nitida",44,20,23.16715542522,-63.17,78.96,343.214163291139,0.617398991679119,15.8752088655751,58.6552082299629,274.418189964889,-51.533,82.7878,"Macroperforate","Community analysis","Orig","Drilling/drill rig (DRILL)","17",1,"NS_muricate","Symbiotic_SML","Pangaea"
"Acarinina pentacamerata","Acarinina pentacamerata",40,23,27.7966101694915,22.73,-13.43,304.621215980847,0.705822849445116,9.02201356690138,49.2991171441778,288.407076801903,32.0021633333334,70.1,"Macroperforate","Biostratigraphy","Orig","ODP","17",1,"NS_muricate","Symbiotic_SML","Pangaea"
"Acarinina praetopilensis","Acarinina praetopilensis",26,16,16.2297128589263,36.9,-39.1,43.8271370602266,0.021022411728607,12.2157606795223,44.0608372600541,143.223996137946,41.42499,-49.785805,"Macroperforate","Unspecified","Orig","ODP","17",1,"NS_muricate","Symbiotic_SML","Neptune"
"Acarinina primitiva","Acarinina primitiva",95,54,60.3951890034364,-51.28,-14.12,130.08796163532,0.473331767832205,16.93492467851,44.7451423541564,231.218558643605,-50.9464333333333,-26.3686166666667,"Macroperforate","Biostratigraphy","Model","ODP","17",1,"NS_muricate","Symbiotic_SML","IODP"
"Acarinina pseudosubsphaerica","Acarinina pseudosubsphaerica",28,10,10.2091020910209,23.42,-170.6,202.992993300029,0.607641693431739,4.37517818373907,47.0742667516209,171.320427792278,32.002,158.50593,"Macroperforate","Biostratigraphy","Orig","Drilling/drill rig (DRILL)","17",1,"NS_muricate","Symbiotic_SML","Pangaea"
"Acarinina pseudotopilensis","Acarinina pseudotopilensis",60,38,41.3867822318527,23.17,-13.7366666661966,238.635104814418,0.704657064508923,8.18427019942094,50.9346422032658,230.168141288118,32.002,2.40849032636803,"Macroperforate","Biostratigraphy","Orig","ODP","17",1,"NS_muricate","Symbiotic_SML","Pangaea"
"Acarinina punctocarinata","Acarinina punctocarinata",4,3,2.44299674267101,-8.69,59.12,1.52635523809524,0.000279045357284624,8.58464208382482,42.5124124212352,237.687333333333,6.51616666666667,70.9836666666667,"Macroperforate","Biostratigraphy","Model","ODP","17",1,"NS_muricate","Symbiotic_SML","IODP"
"Acarinina quetra","Acarinina quetra",26,15,16.3355408388521,21.7,-33.92,167.928806368012,0.771313307094061,8.54937581045593,51.7117447268725,197.42525,32.223765,21.5261833333333,"Macroperforate","Biostratigraphy","Orig","ODP","17",1,"NS_muricate","Symbiotic_SML","Pangaea"
"Acarinina rohri","Acarinina rohri",43,33,38.7323943661971,37.42,-12.8,193.078564833703,0.411878773091538,10.0313670682068,40.0485324979317,233.663623188406,32.002,-10.7183333333333,"Macroperforate","Unspecified","Orig","ODP","17",1,"NS_muricate","Symbiotic_SML","IODP"
"Acarinina soldadoensis","Acarinina soldadoensis",123,64,65.6971770744226,22.3,-14.3266666679566,224.629979867279,0.698836553081382,15.771501052033,52.8736759635221,229.741587206311,32.00216,2.7794,"Macroperforate","Unspecified","Orig","ODP","17",1,"NS_muricate","Symbiotic_SML","Neptune"
"Acarinina strabocella","Acarinina strabocella",8,5,10,-54.87,-13.98,343.402155238095,0.563925245541541,9.24691320310069,61.3513451812281,238.957602872835,-51.533,-30.2781,"Macroperforate","Biostratigraphy","Model","Drilling/drill rig (DRILL)","17",1,"NS_muricate","Symbiotic_SML","Pangaea"
"Acarinina subsphaerica","Acarinina subsphaerica",56,31,35.9531772575251,-62.165,79.02,351.278940804173,0.914999191383282,12.4461232075133,57.7544952464217,225.298740760701,-28.098,82.7878,"Macroperforate","Unspecified","Orig","ODP","17",1,"NS_muricate","Symbiotic_SML","Neptune"
"Acarinina topilensis","Acarinina topilensis",37,30,34.6153846153846,37.38,-31.5676121470017,92.3130514481897,0.187692130233106,10.6171574176136,41.4369444550346,381.234642857143,24.5415833333333,-36.007016353436,"Macroperforate","Unspecified","Orig","ODP","17",1,"NS_muricate","Symbiotic_SML","Neptune"
"Acarinina wilcoxensis","Acarinina wilcoxensis",51,30,34.8837209302325,25.18,-8.805,323.708349245841,0.638917044714018,9.00504003670464,53.2463767804987,216.886292169258,28.1073221,70.1,"Macroperforate","Biostratigraphy","Orig","ODP","17",1,"NS_muricate","Symbiotic_SML","Pangaea"
"Alicantina lozanoi","Alicantina lozanoi",33,12,12.8840436075322,23.49,-170.455000001028,87.0618957901014,0.639828210523094,6.03625048346182,46.4911639504551,164.923489170786,32.224,158.25936,"Macroperforate","Unspecified","Orig","ODP",NA,NA,NA,NA,"Pangaea"
"Alicantina prolata","Alicantina prolata",7,5,3.84615384615385,8.38,72.08,442.872605243903,0.57022895885044,7.38157525678329,50.8037556875571,260.164482758621,30,82.7878,"Macroperforate","Unspecified","Orig","ODP",NA,NA,NA,NA,"Pangaea"
"Astrorotalia palmerae","Astrorotalia palmerae",2,2,1.53846153846154,21.4,30.59,151.576133333333,0.108795942351313,9.5208845208845,47.867438368833,NA,30.8,34.8,"Macroperforate","Unspecified","Zone","Terrestrial","11",1,"NS_spinate_planispiral","Symbiotic_SML","Fentonetal2016"
"Beella digitata","Beella digitata",22,11,8.71287128712871,8.74265,116.3125,228.542110456116,0.836610248145285,2.07343894346909,1.23374332024501,37.2225581395349,8.7668165,115.727730625645,"Macroperforate","Community analysis","Orig","ODP","5",4,"S_flat_clavate_planispiral","Sub_thermocline","Pangaea"
"Beella praedigitata","Beella praedigitata",12,7,5.89198036006547,26.67,7.35,154.800622985133,0.817678871953493,3.2158086859494,5.08017355074915,209.561944444444,26.845,7.97555,"Macroperforate","Unspecified","Orig","ODP","5",4,"S_flat_clavate_planispiral","Sub_thermocline","Neptune"
"Berggrenia pumilio","Berggrenia pumilio",1,1,0.5,1.16,-84.36,NA,0,1.38869601444244,1.59473733999766,54.45,1.2023,-83.737,"Microperforate","Community analysis","Zone","Drilling/drill rig (DRILL)","Microperforate",NA,"Microperforate",NA,"Pangaea"
"Candeina nitida","Candeina nitida",22,13,13.6025504782147,4.58,72.215,88.9583141645279,0.807596890481863,4.1216225939228,5.06864644484879,152.2726171875,5.678,115.859801666667,"Microperforate","Unspecified","Orig","ODP","Microperforate",NA,"Microperforate",NA,"Neptune"
"Candeina praenitida","Candeina praenitida",1,1,0.3690036900369,5.5,-20.52,NA,0,4.54545454545455,6.16005403361283,106.12,5.678,-19.8513,"Microperforate","Selected species","Zone","Drilling/drill rig (DRILL)","Microperforate",NA,"Microperforate",NA,"Pangaea"
"Cassigerinella chipolensis","Cassigerinella chipolensis",37,20,19.9912891986063,-2.23,176.57,156.841827005737,0.90912349261001,6.60818766743154,23.7115846798311,311.803007755311,4.2042,158.6097,"Microperforate","Unspecified","Orig","ODP","Microperforate",NA,"Microperforate",NA,"Neptune"
"Cassigerinella eocaenica","Cassigerinella eocaenica",3,1,0.396039603960396,-12.39,55.58,29.0094488888889,0.353971271560072,3.98111948111948,28.857544660208,229.350044692737,-7.5453,59.0168,"Microperforate","Selected species","Model","Drilling/drill rig (DRILL)","Microperforate",NA,"Microperforate",NA,"Pangaea"
"Cassigerinelloita amekiensis","Cassigerinelloita amekiensis",27,8,9.89898989898989,-50.53,-12.94,19.1376736394558,0.212171066338236,9.3544638062616,47.3705407372248,207.226261231637,-50.9464333333333,-26.3686166666667,"Microperforate","Unspecified","Model","ODP","Microperforate",NA,"Microperforate",NA,"IODP"
"Catapsydrax africanus","Catapsydrax africanus",7,4,4.96453900709219,-13.92,63.53,277.173842857143,0.582550489464651,7.37130936530484,37.128663874182,352.542941176471,-7.08316666666667,72.8778333333333,"Macroperforate","Biostratigraphy","Model","ODP","2",4,"S_globular_spherical","Sub_thermocline","IODP"
"Catapsydrax dissimilis","Catapsydrax dissimilis",105,64,66.3236669784846,-1.84,-26.925,366.69456305411,0.915950307189165,13.2918703239351,26.3395938049831,256.792777169451,4.57087666666667,78.9981,"Macroperforate","Biostratigraphy","Orig","ODP","2",4,"S_globular_spherical","Sub_thermocline","Pangaea"
"Catapsydrax globiformis","Catapsydrax globiformis",8,5,5.02692998204668,-32.46,62.9566642746003,289.582488888889,0.602543721495554,6.70147698060048,37.8211743253651,344.913895180791,-23.346,70.2200000194955,"Macroperforate","Unspecified","Model","Drilling/drill rig (DRILL)","4",4,"S_globular_spherical","Sub_thermocline","Pangaea"
"Catapsydrax howei","Catapsydrax howei",13,6,5.84677419354839,-32.58,-24.32,66.3472251663642,0.258040460310015,11.4698377385806,39.2727410064731,637.455,-30.2765,-35.285,"Macroperforate","Unspecified","Orig","ODP","2",4,"S_globular_spherical","Sub_thermocline","Neptune"
"Catapsydrax unicavus","Catapsydrax unicavus",111,40,38.8102271569726,-1.97,-26.96,422.774001107214,0.919048772753385,15.1164441983662,29.8716744547521,259.157584142664,4.2087,80.595,"Macroperforate","Unspecified","Orig","ODP","2",4,"S_globular_spherical","Sub_thermocline","Neptune"
"Chiloguembelina crinita","Chiloguembelina crinita",21,7,4.35038212815991,-63.17,78.96,122.916800907071,0.215685297163176,5.15886978263359,56.6345069208165,252.691597222222,-62.709,82.7878,"Microperforate","Biostratigraphy","Orig","ODP","Microperforate",NA,"Microperforate",NA,"Pangaea"
"Chiloguembelina cubensis","Chiloguembelina cubensis",79,37,39.9592252803262,-56.66,75.59,515.513737607676,0.75715508920127,15.516063419334,32.9626241189149,212.997027194385,-34.3911766666667,78.9981,"Microperforate","Unspecified","Orig","ODP","Microperforate",NA,"Microperforate",NA,"Neptune"
"Chiloguembelina midwayensis","Chiloguembelina midwayensis",86,19,19.0796857463524,17.35,-156.035909090911,252.766373912287,0.722709713770068,15.0435372840729,64.0115769961878,220.011677018634,32.00216,158.5061,"Microperforate","Unspecified","Orig","ODP","Microperforate",NA,"Microperforate",NA,"Neptune"
"Chiloguembelina morsei","Chiloguembelina morsei",82,36,49.3212669683258,17.34,-156.07,217.113232229018,0.371865488545296,17.9480760378413,65.1369558807489,239.606448598131,32.6517,158.5061,"Microperforate","Unspecified","Orig","ODP","Microperforate",NA,"Microperforate",NA,"Neptune"
"Chiloguembelina ototara","Chiloguembelina ototara",1,1,0.0848896434634974,-0.55,-108.63,NA,0,100,35.2455199227831,257.61,8,-131.9735,"Microperforate","Unspecified","Orig","ODP","Microperforate",NA,"Microperforate",NA,"Neptune"
"Chiloguembelina subtriangularis","Chiloguembelina subtriangularis",6,5,7.00934579439252,16.88,-167.21,124.888611428571,0.307855627674685,7.88741940292289,62.4163778141316,258.531333333333,32.22353,158.50593,"Microperforate","Biostratigraphy","Model","Drilling/drill rig (DRILL)","Microperforate",NA,"Microperforate",NA,"Pangaea"
"Chiloguembelina trinitatensis","Chiloguembelina trinitatensis",39,20,17.2413793103448,21.36,-161.99,43.1961894871795,0.11295535379384,2.37607832636239,55.5578465919801,187.583,32.2237,158.2594,"Microperforate","Unspecified","Orig","ODP","Microperforate",NA,"Microperforate",NA,"Neptune"
"Chiloguembelina wilcoxensis","Chiloguembelina wilcoxensis",57,28,29.5212765957447,-55.28,-11.96,187.970129303849,0.678861264173914,10.8103897416051,55.1871546546181,199.565157210664,-8.12166666666667,82.7878,"Microperforate","Unspecified","Orig","ODP","Microperforate",NA,"Microperforate",NA,"Neptune"
"Ciperoella anguliofficinalis","Ciperoella anguliofficinalis",29,11,9.00305188199389,-6.29,56.71,184.792044799692,0.703119756232137,6.31317938030725,27.3851223014299,257.764703675734,-3.915,60.5517,"Macroperforate","Unspecified","Orig","ODP","2",2,"S_globular_spherical","Asymbiotic_SML","Neptune"
"Ciperoella angulisuturalis","Ciperoella angulisuturalis",66,40,47.9368932038835,4.91,-28.65,216.78634905481,0.879902172858219,13.563553362649,25.7262662307904,257.658940335395,8.17833333333333,-35.285,"Macroperforate","Unspecified","Orig","ODP","2",1,"S_globular_spherical","Symbiotic_SML","Neptune"
"Ciperoella ciperoensis","Ciperoella ciperoensis",63,44,49.928469241774,2.24,-2.16,204.991549986826,0.813623077103097,9.71974690278995,26.2468031258227,274.146503052197,7.701,60.5517,"Macroperforate","Unspecified","Orig","ODP","2",2,"S_globular_spherical","Asymbiotic_SML","Neptune"
"Ciperoella fariasi","Ciperoella fariasi",3,2,1.52091254752852,-6.5,57.34,4.1214446969697,0.00404928373417912,2.59540491293447,25.4104931163598,190.785569080316,-3.915,60.5517,"Macroperforate","Selected species","Zone","Drilling/drill rig (DRILL)",NA,NA,NA,NA,"Pangaea"
"Clavatorella bermudezi","Clavatorella bermudezi",18,8,9.95145631067961,-0.62,69.35,5.71080402439024,0.949808867513535,5.64690862317866,14.6937209077006,145.440731707317,5.06,73.7867,"Macroperforate","Unspecified","Orig","ODP","5",4,"S_flat_clavate_planispiral","Sub_thermocline","Neptune"
"Clavigerinella akersi","Clavigerinella akersi",1,1,0.227790432801822,21.63,30.86,NA,0,NA,43.986724867369,NA,30.8,34.8,"Macroperforate","Unspecified","Zone","Terrestrial","6",4,"S_flat_clavate_planispiral","Sub_thermocline","Fentonetal2016"
"Clavigerinella eocanica","Clavigerinella eocanica",3,1,0.990853658536585,1.84,-34.88,226.189741025641,0.0858766443829121,8.5581340020473,41.9685854791101,658.892727272727,5.9761,-43.74,"Macroperforate","Unspecified","Orig","ODP","6",4,"S_flat_clavate_planispiral","Sub_thermocline","Neptune"
"Clavigerinella jarvisi","Clavigerinella jarvisi",1,1,0.261780104712042,21.63,30.86,NA,0,NA,44.3339777532779,NA,30.8,34.8,"Macroperforate","Unspecified","Zone","Terrestrial","6",4,"S_flat_clavate_planispiral","Sub_thermocline","Fentonetal2016"
"Cribrohantkenina inflata","Cribrohantkenina inflata",11,7,8.73015873015874,31.85,-38.0825151197508,158.709627922078,0.390643935511022,10.2738914254727,35.0137509204088,190.301111111111,29.9923183333333,-48.99973,"Macroperforate","Unspecified","Orig","ODP","10",2,"NS_spinate_planispiral","Asymbiotic_SML","IODP"
"Dentigloborotalia anfracta","Dentigloborotalia anfracta",3,2,1.57342657342657,1.3,159.78,268.534933777778,0.46927371193978,3.68582577857652,2.52061828242606,70.1361111111111,1.87,157.846,"Macroperforate","Unspecified","Orig","ODP",NA,NA,NA,NA,"Neptune"
"Dentoglobigerina altispira","Dentoglobigerina altispira",120,78,78.2193958664547,1.98,115.163333317929,164.662007071196,0.938122194654198,10.6582558609281,11.4805673862426,242.039093070652,5.0815,116.27271,"Macroperforate","Biostratigraphy","Orig","ODP","7",1,"NS_globular","Symbiotic_SML","IODP"
"Dentoglobigerina baroemoenensis","Dentoglobigerina baroemoenensis",57,27,26.4347448739739,-0.61,176.44,192.939113610929,0.933129162288144,7.35829360952592,17.3761679194614,254.302321957337,5.06,159.361,"Macroperforate","Unspecified","Orig","ODP","7",3,"NS_globular","Thermocline","Neptune"
"Dentoglobigerina binaiensis","Dentoglobigerina binaiensis",45,19,21.0412147505423,-0.265,176.49,131.120148699322,0.787153235734985,10.6171739959376,21.062350924604,234.45188048618,5.3122,159.361,"Macroperforate","Unspecified","Orig","ODP","7",4,"NS_globular","Sub_thermocline","Neptune"
"Dentoglobigerina galavisi","Dentoglobigerina galavisi",53,29,31.3390313390313,-1.97,-36.76,235.061977189932,0.612507357382913,10.9856158967562,30.6120642402037,303.773538006561,4.2087,-43.4889,"Macroperforate","Unspecified","Orig","ODP","7",3,"NS_globular","Thermocline","Neptune"
"Dentoglobigerina globosa","Dentoglobigerina globosa",28,13,13.2569558101473,2.22,-12.1766667254278,210.074717328861,0.772886955318441,6.43987053525378,13.5038630562038,250.020108042517,5.07075,-12.1645,"Macroperforate","Unspecified","Orig","ODP","7",3,"NS_globular","Thermocline","Neptune"
"Dentoglobigerina globularis","Dentoglobigerina globularis",36,19,18.1115879828326,-6.4,-10.78,173.874925010156,0.708044477899119,7.3519670523176,27.3085311806904,210.406286160461,-3.915,60.5517,"Macroperforate","Unspecified","Orig","ODP","7",3,"NS_globular","Thermocline","Neptune"
"Dentoglobigerina larmeui","Dentoglobigerina larmeui",17,7,6.51986183074266,1.98,-107.22,355.091219646799,0.741072490752436,6.83669285209685,20.4414610973477,304.316578924194,5.5572,-133.3095,"Macroperforate","Unspecified","Model","ODP","7",3,"NS_globular","Thermocline","Neptune"
"Dentoglobigerina prasaepis","Dentoglobigerina prasaepis",24,16,18.0815876515987,-3.11,-155.766666460308,91.3487484475536,0.886807507500401,9.71629671841058,29.3059151994174,201.887154806732,7.06833333333333,-176.825,"Macroperforate","Biostratigraphy","Model","ODP","7",4,"NS_globular","Sub_thermocline","IODP"
"Dentoglobigerina pseudovenezuelana","Dentoglobigerina pseudovenezuelana",29,11,11.3983548766157,-30.83,-178.2,403.500046005155,0.704944728807038,10.0462231308653,34.0408934599618,262.311755319149,2.433,158.505983,"Macroperforate","Unspecified","Orig","ODP","7",3,"NS_globular","Thermocline","Pangaea"
"Dentoglobigerina sellii","Dentoglobigerina sellii",52,23,23.3812949640288,1.385,57.1833333330926,128.010116847274,0.870927477204836,8.42788588306854,26.0560559236038,257.445038368923,6.19026666666666,116.56553,"Macroperforate","Unspecified","Orig","ODP","7",4,"NS_globular","Sub_thermocline","Pangaea"
"Dentoglobigerina tapuriensis","Dentoglobigerina tapuriensis",40,20,21.2121212121212,-7.195,56.7,291.691142227777,0.781804935644186,8.75819371914625,30.1767705260718,247.434695481907,-3.915,60.98,"Macroperforate","Unspecified","Orig","ODP","7",4,"NS_globular","Sub_thermocline","Neptune"
"Dentoglobigerina tripartita","Dentoglobigerina tripartita",76,41,41.9400187441425,2.24,-47.24,254.446515654206,0.809726751144629,13.4547835787971,24.8487464049441,211.30226070977,7.7011,-131.9735,"Macroperforate","Unspecified","Orig","ODP",NA,NA,NA,NA,"Neptune"
"Dentoglobigerina venezuelana","Dentoglobigerina venezuelana",99,61,62.2514432328416,2.2,-100.74,235.631937719584,0.879130417033299,13.0704096214448,17.9488422702093,226.37154372298,5.5572,-133.228333333333,"Macroperforate","Unspecified","Orig","ODP","7",4,"NS_globular","Sub_thermocline","Neptune"
"Dipsidripella danvillensis","Dipsidripella danvillensis",11,4,2.18722659667542,-50.6,-2.88,79.4097143333333,0.145697710365728,7.35470459240196,37.4634687098926,177.256812531194,-50.9464333333333,3.0999,"Microperforate","Unspecified","Model","ODP","Microperforate",NA,"Microperforate",NA,"Pangaea"
"Eoglobigerina edita","Eoglobigerina edita",26,14,16.1676646706587,26.35,-68.56,269.459132669462,0.553543230344927,10.5201567870887,64.712942082808,262.561153846154,23.4898333333333,-85.2096666666667,"Macroperforate","Biostratigraphy","Model","ODP","2",3,"S_globular_spherical","Thermocline","Pangaea"
"Eoglobigerina eobulloides","Eoglobigerina eobulloides",56,34,52.7559055118112,15.96,-39.49,398.58985156038,0.874004781274644,17.5076539010696,65.2902560248149,330.118477367539,21.4499333333333,82.7878,"Macroperforate","Unspecified","Orig","ODP","2",3,"S_globular_spherical","Thermocline","Neptune"
"Eoglobigerina spiralis","Eoglobigerina spiralis",5,5,20.8333333333338,-60.86,68.6,522.0095,0.742324004543851,9.32309924245409,62.3279586276558,228.474,1.4622,90.208,"Macroperforate","Biostratigraphy","Model","Drilling/drill rig (DRILL)","2",3,"S_globular_spherical","Thermocline","Pangaea"
"Fohsella fohsi","Fohsella fohsi",59,29,59.8639455782313,0.375,-101.295,50.6474883881923,0.722033851109222,8.80941404877509,12.7253727894421,249.747386363636,4.84976416666667,-117.9696,"Macroperforate","Unspecified","Orig","ODP","12",3,"NS_rotaliform","Thermocline","Neptune"
"Fohsella lenguaensis","Fohsella lenguaensis",25,13,14.1957782989754,3.31,-4.01,193.397251685736,0.851945634686772,6.0581253134883,9.88920168563924,320.992086956522,5.678,-2.7332,"Macroperforate","Biostratigraphy","Orig","ODP","13",3,"NS_rotaliform","Thermocline","Neptune"
"Fohsella lobata","Fohsella lobata",35,20,32.5396825396825,0.68,-101.11,49.2831597560976,0.606652575925803,8.0373580197188,12.6714035357145,181.951097560976,5.3122,-94.5908,"Macroperforate","Unspecified","Orig","ODP","12",3,"NS_rotaliform","Thermocline","Neptune"
"Fohsella paralenguaensis","Fohsella paralenguaensis",2,1,0.938967136150235,8.345,-78.37,205.5154,0.409090358862242,4.60458055476697,10.2580141393479,287.3325,8.47405,-78.7393,"Macroperforate","Biostratigraphy","Orig","Drilling/drill rig (DRILL)","13",3,"NS_rotaliform","Thermocline","Pangaea"
"Fohsella peripheroacuta","Fohsella peripheroacuta",34,18,61.6666666666667,2.2,69.97,145.387507807808,0.860026848703415,8.30147913529168,13.7689600229363,216.726081081081,5.0815,73.7867,"Macroperforate","Selected species","Orig","Drilling/drill rig (DRILL)","13",3,"NS_rotaliform","Thermocline","Pangaea"
"Fohsella peripheroronda","Fohsella peripheroronda",91,36,39.4678979771328,2.87,-16.73,226.26834450133,0.771768384196283,9.73424052523528,15.5837483418607,237.294777158774,7.9213,-14.9987,"Macroperforate","Biostratigraphy","Orig","ODP","13",3,"NS_rotaliform","Thermocline","Neptune"
"Fohsella praefohsi","Fohsella praefohsi",22,22,34.920634920635,-0.57,170.598971211216,60.8146088744589,0.613823143024058,5.73137003336007,13.5168138077363,280.918636363636,5.07075,160.154451093847,"Macroperforate","Unspecified","Orig","Drilling/drill rig (DRILL)","12",3,"NS_rotaliform","Thermocline","Pangaea"
"Fohsella robusta","Fohsella robusta",10,6,10.6796116504854,-0.45,-117.41,9.06178909090909,0.797948014720612,9.18581540915975,12.6079185497032,186.259545454545,2.5078,-131.973,"Macroperforate","Unspecified","Orig","ODP","12",3,"NS_rotaliform","Thermocline","Neptune"
"Globanomalina archeocompressa","Globanomalina archeocompressa",12,7,11.0552763819096,-54.9,-13.2799999971569,350.8849004329,0.635001504961203,12.7073069293194,64.7731473480542,256.845412193219,-51.496,-30.2781,"Macroperforate","Community analysis","Zone","Drilling/drill rig (DRILL)","13",3,"NS_rotaliform","Thermocline","Pangaea"
"Globanomalina australiformis","Globanomalina australiformis",41,22,23.8860482103725,-57.41,-7.56,165.040936710381,0.467781477394626,9.41248173723665,51.0212770781081,222.683466026612,-51.542,1.577,"Macroperforate","Unspecified","Orig","ODP","13",3,"NS_rotaliform","Thermocline","Neptune"
"Globanomalina chapmani","Globanomalina chapmani",37,25,26.0150375939849,-50.26,-9.55,204.347751149348,0.492355690025388,6.90519460310306,57.3704367794018,366.201972756233,8.9262,2.7794,"Macroperforate","Unspecified","Orig","ODP","13",3,"NS_rotaliform","Thermocline","Neptune"
"Globanomalina compressa","Globanomalina compressa",59,56,60.4278074866309,-54.885,-13.69,301.68778386536,0.605527890973101,15.4981339566806,62.9809468773975,310.891661514298,-28.287,1.577,"Macroperforate","Biostratigraphy","Orig","ODP","13",3,"NS_rotaliform","Thermocline","Pangaea"
"Globanomalina ehrenbergi","Globanomalina ehrenbergi",24,13,23.9520958083833,-34.02,-19.3,158.533067628205,0.767467950735979,10.8905569831974,61.6524161879,348.575905525297,18.6732,13.2883627097268,"Macroperforate","Unspecified","Orig","ODP","13",3,"NS_rotaliform","Thermocline","Neptune"
"Globanomalina imitata","Globanomalina imitata",42,14,18.0533751962323,-60.28,76.28,360.140580320366,0.899219946433688,10.3067936237572,59.6077552501954,237.507556087054,8.9262,90.5388,"Macroperforate","Biostratigraphy","Orig","Drilling/drill rig (DRILL)","13",3,"NS_rotaliform","Thermocline","Pangaea"
"Globanomalina luxorensis","Globanomalina luxorensis",30,30,20.979020979021,21.35,-161.99,0.0092685057471264,2.59873326302618e-06,1.10281806193235,55.5283945568233,185.335333333333,32.2237,158.2594,"Macroperforate","Unspecified","Orig","ODP","13",2,"NS_rotaliform","Asymbiotic_SML","Neptune"
"Globanomalina ovalis","Globanomalina ovalis",4,4,3.84615384615385,-35.98,-7.38,4.58456428571429,0.00166266495081224,5.66316606587844,56.1281113643639,267.9,-28.68385,2.6393,"Macroperforate","Unspecified","Orig","ODP","13",2,"NS_rotaliform","Asymbiotic_SML","Neptune"
"Globanomalina planocompressa","Globanomalina planocompressa",9,6,7.1969696969697,16.41,-74.14,191.201469590643,0.573412267786664,11.1283432217285,64.825329727152,345.978421052632,21.4499333333333,158.5061,"Macroperforate","Biostratigraphy","Model","ODP","13",3,"NS_rotaliform","Thermocline","Pangaea"
"Globanomalina planoconica","Globanomalina planoconica",56,23,24.8303934871099,-55,-13.39,306.851074599171,0.769750175287568,8.19223845270275,54.1697790830439,210.9171209551,-28.5425,2.7795,"Macroperforate","Unspecified","Orig","ODP","13",3,"NS_rotaliform","Thermocline","Neptune"
"Globanomalina pseudomenardii","Globanomalina pseudomenardii",57,42,46.1748633879782,20.79,-30.08,128.188835756551,0.723049440163744,11.965706566816,58.5885984431731,307.675709677419,32.0021666666667,9.0467,"Macroperforate","Unspecified","Orig","ODP","12",3,"NS_rotaliform","Thermocline","Neptune"
"Globigerina bulloides","Globigerina bulloides",172,40,38.7725631768953,32,16.54,312.923429164412,0.843950247888872,13.5665394592527,6.91705425458019,184.430273188441,9.36193,18.0965,"Macroperforate","Biostratigraphy","Orig","ODP","2",2,"S_globular_spherical","Asymbiotic_SML","IODP"
"Globigerina eamesi","Globigerina eamesi",4,2,1.01522842639594,-56.635,-15.16,508.649332608696,0.845404925112406,7.04002951527708,13.7761170333647,263.485625,2.50780833333333,-15.1446833333333,"Macroperforate","Biostratigraphy","Model","ODP","2",1,"S_globular_spherical","Symbiotic_SML","IODP"
"Globigerina falconensis","Globigerina falconensis",72,24,24.1076331685887,28.365,16.11,200.120409647386,0.889132495596247,5.31738027262183,6.12451449712818,221.64479290458,5.678,17.401035,"Macroperforate","Biostratigraphy","Orig","ODP","2",1,"S_globular_spherical","Symbiotic_SML","IODP"
"Globigerina officinalis","Globigerina officinalis",35,18,17.3339199296084,-49.92,73.9,497.622855670296,0.637445784582208,7.38068885617005,32.2100252540601,180.639766267703,-7.5453,76.5455355220022,"Macroperforate","Unspecified","Orig","ODP","2",1,"S_globular_spherical","Symbiotic_SML","Pangaea"
"Globigerina umbilicata","Globigerina umbilicata",9,4,4.42913385826772,41.11,170.885,106.083976470588,0.25002873049757,11.3653783580278,2.98419469167527,123.348055555556,40.6298,167.7688,"Macroperforate","Unspecified","Orig","ODP","2",1,"S_globular_spherical","Symbiotic_SML","Neptune"
"Globigerinatella insueta","Globigerinatella insueta",48,30,40.531561461794,2.14,172.8,73.0102052364178,0.857100062520394,8.39709940432307,16.1051106400358,246.122909836066,5.5572,159.361,"Microperforate","Unspecified","Orig","ODP","Microperforate",NA,"Microperforate",NA,"Pangaea"
"Globigerinatheka barri","Globigerinatheka barri",31,15,17.1309192200557,25.09,-12.87,184.149497254432,0.660003283435672,7.35367214400123,39.5539185904593,275.398657407407,30.4,18.0965,"Macroperforate","Biostratigraphy","Model","ODP","3",1,"S_globular_spherical","Symbiotic_SML","IODP"
"Globigerinatheka curryi","Globigerinatheka curryi",6,3,4.54545454545454,24.25,72.06,102.32141,0.830348211079993,3.93230488078468,42.233051193228,205.921428571429,25.6775983333333,88.718,"Macroperforate","Biostratigraphy","Model","ODP","3",1,"S_globular_spherical","Symbiotic_SML","IODP"
"Globigerinatheka euganea","Globigerinatheka euganea",2,2,0.873362445414848,24.715,-26.225,282.03125,0.0872727547126174,12.5,40.1549858275882,NA,25.65,-30.75,"Macroperforate","Unspecified","Zone","Terrestrial","4",1,"S_globular_spherical","Symbiotic_SML","Fentonetal2016"
"Globigerinatheka index","Globigerinatheka index",94,66,76.6743648960739,-50.64,-14.54,277.869963626452,0.600470074031076,16.6141057118976,39.0305313415971,244.767190689704,-34.448175,9.0467,"Macroperforate","Biostratigraphy","Model","ODP","3",1,"S_globular_spherical","Symbiotic_SML","IODP"
"Globigerinatheka korotkovi","Globigerinatheka korotkovi",15,6,5.8968058968059,24.44,-174.51,154.79157087766,0.806509414081913,7.80549969934514,40.2161243305054,177.603990953522,32.22353,158.259,"Macroperforate","Biostratigraphy","Model","ODP","3",1,"S_globular_spherical","Symbiotic_SML","Pangaea"
"Globigerinatheka kugleri","Globigerinatheka kugleri",29,18,21.6346153846154,37.14,-39.595,57.8290964294632,0.355162360662848,8.85534258016235,41.7791486463629,307.773275862069,32.224,-49.16999,"Macroperforate","Unspecified","Orig","ODP","3",1,"S_globular_spherical","Symbiotic_SML","Neptune"
"Globigerinatheka luterbacheri","Globigerinatheka luterbacheri",12,8,9.10746812386156,-40.42,9.45,74.3490926122449,0.282675254383813,13.1856399403742,37.1314571051405,328.02067662901,-28.5521833333333,17.7368044067313,"Macroperforate","Biostratigraphy","Model","ODP","3",1,"S_globular_spherical","Symbiotic_SML","IODP"
"Globigerinatheka mexicana","Globigerinatheka mexicana",51,35,35.8514724711908,36.995,-40.92,82.8989567639529,0.436594818216463,14.3416126364553,39.9489025728696,163.906338289963,40.3499866666667,-49.7858073333333,"Macroperforate","Unspecified","Orig","ODP","3",1,"S_globular_spherical","Symbiotic_SML","Neptune"
"Globigerinatheka semiinvoluta","Globigerinatheka semiinvoluta",42,19,22.9249011857707,31.79,-43.665,119.119088445251,0.231445100404438,13.0489945771123,36.9164367357544,209.69193877551,29.9923083333333,-51.64999,"Macroperforate","Biostratigraphy","Orig","ODP","3",1,"S_globular_spherical","Symbiotic_SML","IODP"
"Globigerinatheka subconglobata","Globigerinatheka subconglobata",33,18,21.5358931552588,27.53,-38.98,158.444956225775,0.59097194874953,10.1783821568525,42.1152776760169,315.646224736186,30.8,-49.16999,"Macroperforate","Unspecified","Orig","ODP","3",1,"S_globular_spherical","Symbiotic_SML","Neptune"
"Globigerinatheka tropicalis","Globigerinatheka tropicalis",22,16,15.8953722334004,-30.83,10.17,169.018603050957,0.771386450494174,7.11243431880517,36.7439497451798,379.043642857143,9.02916666666667,72.8778333333333,"Macroperforate","Biostratigraphy","Model","ODP","3",1,"S_globular_spherical","Symbiotic_SML","IODP"
"Globigerinella adamsi","Globigerinella adamsi",1,1,1.42857142857143,18.0518,57.609,NA,0,4.39121756487026,0.0156579116592184,NA,18.0518,57.609,"Macroperforate","Community analysis","Orig","Drilling/drill rig (DRILL)","5",4,"S_flat_clavate_planispiral","Sub_thermocline","Pangaea"
"Globigerinella calida","Globigerinella calida",61,23,26.3038548752834,5.1320335,36.74,232.524951280782,0.828787707643083,3.27687302227582,1.41548592987815,74.8366810344828,5.384067,37.0692441666667,"Macroperforate","Community analysis","Orig","ODP","2",3,"S_globular_spherical","Thermocline","Pangaea"
"Globigerinella clavaticamerata","Globigerinella clavaticamerata",5,3,1.52905198776758,-6.755,57.57,7.71557342105263,0.00324052828961086,4.19094470905082,24.6165796091567,174.846117041198,-4.11335,60.76585,"Macroperforate","Unspecified","Orig","ODP",NA,NA,NA,NA,"Neptune"
"Globigerinella navazuelensis","Globigerinella navazuelensis",3,2,0.892857142857143,-6.43,57.395,12.3314696428571,0.00321337490110996,4.04247513330445,23.1151725247414,176.445,-3.915,60.5517,"Macroperforate","Unspecified","Orig","ODP",NA,NA,NA,NA,"Neptune"
"Globigerinella obesa","Globigerinella obesa",32,16,16.2046780109434,2.99,8.55,281.818010234809,0.764648620194013,5.85586153587658,15.093194070594,227.734315082046,5.06,11.4412,"Macroperforate","Unspecified","Orig","ODP","2",3,"S_globular_spherical","Thermocline","Neptune"
"Globigerinella praesiphonifera","Globigerinella praesiphonifera",19,10,7.77323202805377,2.1,-175.87,55.8585467304625,0.630410475327585,6.56738045624625,17.0797418228385,133.555038167939,5.5572,162.8667,"Macroperforate","Unspecified","Orig","ODP","2",3,"S_globular_spherical","Thermocline","Neptune"
"Globigerinella siphonifera","Globigerinella siphonifera",78,47,48.4152139461173,1.06,58.38,252.824487904766,0.834256558967182,4.50338630522348,4.61905502827335,139.3847771629,2.50781666666667,73.2833,"Macroperforate","Biostratigraphy","Orig","ODP","6",3,"S_flat_clavate_planispiral","Thermocline","IODP"
"Globigerinita glutinata","Globigerinita glutinata",152,62,61.9629978049545,3.61,31.41,348.018147056722,0.891394596580863,10.5289359152159,12.9488882768455,231.65167420697,5.6176,60.5517,"Microperforate","Unspecified","Orig","ODP","Microperforate",NA,"Microperforate",NA,"Neptune"
"Globigerinita parkerae","Globigerinita parkerae",5,2,0.838222967309304,4.535,144.685,246.871804444444,0.0830516344666059,3.79361207897793,3.70139500995273,90.068,5.44958333333333,141.9383,"Microperforate","Unspecified","Orig","ODP","Microperforate",NA,"Microperforate",NA,"Neptune"
"Globigerinita uvula","Globigerinita uvula",37,19,18.9751206832529,-0.56,174.44,407.325916340414,0.745109384462914,7.1620731942415,13.9366347407182,273.945058823529,1.87,159.361,"Microperforate","Unspecified","Orig","ODP","Microperforate",NA,"Microperforate",NA,"Neptune"
"Globigerinoides altiaperturus","Globigerinoides altiaperturus",45,32,38.0478087649402,2.08,175.92,127.065792036374,0.685243899302242,8.4905221695137,18.9505090449217,264.570132978723,5.5572,159.361,"Macroperforate","Unspecified","Orig","ODP","3",1,"S_globular_spherical","Symbiotic_SML","Neptune"
"Globigerinoides bollii","Globigerinoides bollii",29,10,9.22174840085288,4.29,133.66,195.219286127168,0.93817503093762,5.51405010308773,8.75628739850326,232.19613372093,5.678,133.2082,"Macroperforate","Unspecified","Orig","ODP","3",1,"S_globular_spherical","Symbiotic_SML","Neptune"
"Globigerinoides conglobatus","Globigerinoides conglobatus",70,50,55.9489101763154,3.09,117.32,169.116718184087,0.917480953172803,4.67247487696669,3.46657336645888,141.866960199005,3.83345,117.418883333333,"Macroperforate","Biostratigraphy","Orig","ODP","3",1,"S_globular_spherical","Symbiotic_SML","IODP"
"Globigerinoides diminutus","Globigerinoides diminutus",36,14,22.4899598393574,24.715,-15.4,130.356254025974,0.531799726795909,7.47917067615246,15.5945822047878,207.385714285714,26.5925,-14.9987,"Macroperforate","Unspecified","Orig","ODP","3",1,"S_globular_spherical","Symbiotic_SML","Neptune"
"Globigerinoides elongatus","Globigerinoides elongatus",19,12,11.5,7.585,111.527999808437,188.196371073068,0.463649806991562,5.46665908780475,2.48367126750442,48.1867391304348,7.884,112.473666666667,"Macroperforate","Biostratigraphy","Orig","ODP",NA,NA,NA,NA,"IODP"
"Globigerinoides extremus","Globigerinoides extremus",96,59,64.5161290322581,2.71,32.4299183101405,202.685909902677,0.85252501788937,7.20292205962464,5.21965004994713,206.937327004219,3.6276,41.7687366666667,"Macroperforate","Biostratigraphy","Orig","ODP","3",1,"S_globular_spherical","Symbiotic_SML","IODP"
"Globigerinoides italicus","Globigerinoides italicus",6,3,1.13574905354246,-2.5,173.1,143.559389047619,0.30615592610774,6.58814135720084,19.0536445141631,509.4125,0.3185,159.361,"Macroperforate","Biostratigraphy","Interp","Drilling/drill rig (DRILL)","3",1,"S_globular_spherical","Symbiotic_SML","Pangaea"
"Globigerinoides mitra","Globigerinoides mitra",7,5,3.75,6.2,176.9,124.005986190476,0.771859837990521,5.5632915280241,15.2621084155296,96.342380952381,7.95,162.8667,"Macroperforate","Unspecified","Orig","ODP","3",1,"S_globular_spherical","Symbiotic_SML","Neptune"
"Globigerinoides obliquus","Globigerinoides obliquus",112,44,45.9819103092295,2.45,115.01,167.128485213671,0.883666888951459,7.58294226397692,8.94272803467362,227.283887396694,5.5572,116.27271,"Macroperforate","Biostratigraphy","Orig","ODP","3",1,"S_globular_spherical","Symbiotic_SML","Neptune"
"Globigerinoides ruber","Globigerinoides ruber",117,39,41.4021164021164,4.505,30.6000000219325,220.065595081739,0.893532798982026,9.62470774679254,4.51069265552509,130.450356838827,5.678,31.5451333333333,"Macroperforate","Biostratigraphy","Orig","ODP","3",1,"S_globular_spherical","Symbiotic_SML","IODP"
"Globigerinoides seigliei","Globigerinoides seigliei",3,2,2.31481481481482,-35.04,-99.63,325.540232222222,0.870344259821732,4.86724789349471,8.03501580592305,137.433,-26.1241833333333,-95.6368,"Macroperforate","Unspecified","Orig","ODP","3",1,"S_globular_spherical","Symbiotic_SML","Neptune"
"Globigerinoides subquadratus","Globigerinoides subquadratus",53,18,18.9912826899128,3.68,-124.75,197.054859012079,0.917716293455732,9.56509317556044,15.1111063551073,322.35902640264,9.02916666666667,158.6097,"Macroperforate","Biostratigraphy","Orig","ODP","3",1,"S_globular_spherical","Symbiotic_SML","IODP"
"Globigerinoidesella fistulosa","Globigerinoidesella fistulosa",38,19,38.6206896551724,0.97,143.512499118541,58.5413646428571,0.792239914983234,6.38644474381286,2.52143030988797,94.2651785714286,1.95657583333333,142.272763601164,"Macroperforate","Biostratigraphy","Model","ODP","3",1,"S_globular_spherical","Symbiotic_SML","IODP"
"Globoconella conomiozea","Globoconella conomiozea",13,8,10.8429520811473,-32.24,16.54,32.6977606451613,0.677008811237868,8.89280068647556,4.87067698713509,157.937580645161,-26.1366666666667,17.401035,"Macroperforate","Biostratigraphy","Model","ODP","14",3,"NS_rotaliform","Thermocline","IODP"
"Globoconella inflata","Globoconella inflata",152,72,85.909631391201,36.58,-15.16,174.79210094516,0.80819403128026,15.2926326656056,1.27207796245883,78.6558412726311,20.053,-15.1446833333333,"Macroperforate","Community analysis","Orig","ODP","7",3,"NS_globular","Thermocline","IODP"
"Globoconella miotumida","Globoconella miotumida",38,22,21.6771677167717,-36.93,85.37,78.733304676086,0.610590200310393,13.1197603061349,9.061591219128,206.032352941176,-30.9691666666667,87.8953333333333,"Macroperforate","Biostratigraphy","Model","ODP",NA,NA,NA,NA,"IODP"
"Globoconella miozea","Globoconella miozea",24,16,18.2440136830103,-43.56,-15.34,221.690085377707,0.873820402111904,15.5029873573237,14.2203660984748,290.26234375,-19.7575,-12.37085,"Macroperforate","Unspecified","Orig","ODP","14",3,"NS_rotaliform","Thermocline","Neptune"
"Globoconella pliozea","Globoconella pliozea",9,7,9.27152317880795,-35.76,78.595,18.6216769230769,0.592467099131477,5.52589614493405,4.83375117813043,196.665,-33.4201516666667,79.5736075000002,"Macroperforate","Biostratigraphy","Model","ODP","15",3,"NS_rotaliform","Thermocline","IODP"
"Globoconella puncticulata","Globoconella puncticulata",58,26,32.4313158438339,36.08,-3.2,164.298516895313,0.656321755881712,17.3685265574502,3.38481653369726,145.44033974359,4.5692,1.2252,"Macroperforate","Biostratigraphy","Orig","ODP","7",3,"NS_globular","Thermocline","IODP"
"Globoconusa daubjergensis","Globoconusa daubjergensis",49,34,42.6791277258567,-61.08,-7.7,322.861742604122,0.502967110456362,14.3636332491202,64.361382234931,299.388701278249,-51.533,3.5123,"Microperforate","Biostratigraphy","Orig","Drilling/drill rig (DRILL)","Microperforate",NA,"Microperforate",NA,"Pangaea"
"Globoquadrina conglomerata","Globoquadrina conglomerata",19,12,12.3381568926123,0.41,162.14,64.0059700739322,0.785419473046588,5.73021666076374,3.47925354031383,90.389925,1.4348,158.4982,"Macroperforate","Unspecified","Orig","ODP","7",3,"NS_globular","Thermocline","Pangaea"
"Globoquadrina dehiscens","Globoquadrina dehiscens",125,64,69.7433096668487,1.98,-23.03,286.305092310544,0.99513869609964,11.4585146538301,15.1297702000966,239.976199295435,5.3122,115.859151666667,"Macroperforate","Unspecified","Orig","ODP","7",3,"NS_globular","Thermocline","Neptune"
"Globorotalia bella","Globorotalia bella",2,2,1.1037527593819,26.18,-69.26,366.0323,0.164104538020049,6.21951219512195,16.3283547070873,394.754,26.845,-73.497247,"Macroperforate","Biostratigraphy","Model","ODP","2",3,"S_globular_spherical","Thermocline","IODP"
"Globorotalia flexuosa","Globorotalia flexuosa",20,11,11.9642857142857,0.97,161.07,101.938983991558,0.486980332463032,7.47101327658194,3.27397993717874,156.930075757576,1.87,157.846,"Macroperforate","Biostratigraphy","Orig","ODP","14",3,"NS_rotaliform","Thermocline","IODP"
"Globorotalia merotumida","Globorotalia merotumida",51,24,30.2933162365764,2.35,115.39,123.291207953394,0.89234444408552,7.86826318516245,7.95615884424387,273.546111111111,4.2041,116.27271,"Macroperforate","Biostratigraphy","Orig","ODP","14",3,"NS_rotaliform","Thermocline","Neptune"
"Globorotalia plesiotumida","Globorotalia plesiotumida",79,41,44.9172576832151,2.44,144.35,155.746686942497,0.946163304711987,6.88081290120815,6.3874915199281,225.842469635628,3.83345,141.754773333333,"Macroperforate","Biostratigraphy","Orig","ODP","14",3,"NS_rotaliform","Thermocline","IODP"
"Globorotalia tumida","Globorotalia tumida",64,48,50.3496503496504,1.915,151.275,155.66019877306,0.667020763958481,7.94149858780369,3.02287851460029,130.742090592335,2.50781666666667,151.574541666667,"Macroperforate","Biostratigraphy","Orig","ODP","14",3,"NS_rotaliform","Thermocline","IODP"
"Globorotalia ungulata","Globorotalia ungulata",10,7,7.48987854251012,1.3,162.14,102.546493285766,0.460439773021405,4.19296022799888,2.22226562803234,66.1740277777778,1.87,159.361,"Macroperforate","Unspecified","Orig","ODP","14",3,"NS_rotaliform","Thermocline","Pangaea"
"Globorotalia zealandica","Globorotalia zealandica",10,6,15.2941176470589,-53.87,78.22,100.576523076923,0.657204811160378,12.4485988307898,16.744998546931,400.705833333333,-45.5235,78.9981,"Macroperforate","Unspecified","Orig","ODP","16",3,"NS_rotaliform","Thermocline","Neptune"
"Globorotaloides eovariabilis","Globorotaloides eovariabilis",3,2,0.39568345323741,-60.4,74.38,60.4693890909091,0.341015186235034,10.8297322277432,43.7623432020005,170.401111111111,-62.709,82.7878,"Macroperforate","Biostratigraphy","Model","Drilling/drill rig (DRILL)","2",4,"S_globular_spherical","Sub_thermocline","Pangaea"
"Globorotaloides hexagonus","Globorotaloides hexagonus",41,18,11.9282195636875,2.39,-78.37,111.226077628459,0.868395692046413,5.22445088752645,7.18353678557987,186.152434911243,3.6277,-2.7356,"Macroperforate","Unspecified","Orig","ODP","2",4,"S_globular_spherical","Sub_thermocline","Neptune"
"Globorotaloides quadrocameratus","Globorotaloides quadrocameratus",1,1,0.0903886712865321,-55.67,98.79,1.7701,0.000208987091604551,14.7181964573269,37.6253464277143,343.291666666667,-34.3487866666667,112.799518333333,"Macroperforate","Biostratigraphy","Magneto","ODP","2",4,"S_globular_spherical","Sub_thermocline","IODP"
"Globorotaloides stainforthi","Globorotaloides stainforthi",28,10,8.83928571428572,-1.22,-17.15,264.182622407751,0.66777419743837,14.6799732845236,20.2963401239454,184.754772656043,4.2087,-14.9987,"Macroperforate","Unspecified","Model","ODP","2",4,"S_globular_spherical","Sub_thermocline","Neptune"
"Globorotaloides suteri","Globorotaloides suteri",98,50,51.9138755980861,-47.14,-10.25,459.947894465265,0.649810083948284,12.6242861160783,29.3332017889592,217.59875124046,-23.346,60.5517,"Macroperforate","Unspecified","Orig","ODP",NA,NA,NA,NA,"Neptune"
"Globorotaloides testarugosus","Globorotaloides testarugosus",10,7,6.9620253164557,-37.295,-28.185,91.1658889534884,0.640424102450307,11.4146521478144,26.2845012932061,274.520486885845,-30.2765,-35.285,"Macroperforate","Unspecified","Orig","ODP","2",4,"S_globular_spherical","Sub_thermocline","Neptune"
"Globorotaloides variabilis","Globorotaloides variabilis",21,9,9.0187054631829,-1.14,56.81,207.589810869639,0.574267537999255,5.40827107413066,16.446710050495,212.063588413176,2.50781666666667,60.55167,"Macroperforate","Unspecified","Orig","ODP","2",4,"S_globular_spherical","Sub_thermocline","Neptune"
"Globoturborotalita apertura","Globoturborotalita apertura",42,24,25.2849740932643,-1.05,16.5839999481029,267.97231677798,0.810240669484431,8.7594065710761,5.98051690569076,243.324709016393,0.3185,20.1733883226655,"Macroperforate","Biostratigraphy","Orig","ODP","2",2,"S_globular_spherical","Asymbiotic_SML","IODP"
"Globoturborotalita bassriverensis","Globoturborotalita bassriverensis",5,3,0.251783466219052,24.51,-78.2,0,0,17.8289371304077,49.1764863340513,535.815,21.4499333333333,-89.9494666666667,"Macroperforate","Biostratigraphy","Interp","ODP","2",2,"S_globular_spherical","Asymbiotic_SML","IODP"
"Globoturborotalita brazieri","Globoturborotalita brazieri",18,11,11.0754414125201,-10.62,57.69,457.3399196234,0.245387012013758,8.46102700585781,23.7698724088888,184.389584169265,-7.5453,60.98,"Macroperforate","Unspecified","Orig","ODP","2",1,"S_globular_spherical","Symbiotic_SML","Neptune"
"Globoturborotalita connecta","Globoturborotalita connecta",14,8,9.01126408010013,-40.385,173.49,489.736242175274,0.901787027415315,11.2672599070022,20.1870031339863,425.401112737028,-30.0041666666667,159.361,"Macroperforate","Unspecified","Orig","ODP","2",1,"S_globular_spherical","Symbiotic_SML","Neptune"
"Globoturborotalita decoraperta","Globoturborotalita decoraperta",58,34,33.6153846153846,-1.2,118.28,283.05828528751,0.812886838352346,7.14666579676477,7.34356644361853,213.952793577982,1.87,120.435081666667,"Macroperforate","Biostratigraphy","Orig","ODP","2",2,"S_globular_spherical","Asymbiotic_SML","IODP"
"Globoturborotalita druryi","Globoturborotalita druryi",29,11,8.53899308983218,12.37,114.67,221.053830891249,0.906850587205431,9.42564495172866,12.0430235527825,339.642658959538,12.744,116.219918333333,"Macroperforate","Biostratigraphy","Orig","ODP","2",1,"S_globular_spherical","Symbiotic_SML","IODP"
"Globoturborotalita euapertura","Globoturborotalita euapertura",60,37,41.5730337078652,-32.48,56.85,415.998461090242,0.762139978749522,10.0019507913996,25.6559911010175,222.631915688205,-25.4946,73.7867,"Macroperforate","Unspecified","Orig","ODP","7",4,"NS_globular","Sub_thermocline","Neptune"
"Globoturborotalita gnaucki","Globoturborotalita gnaucki",1,1,0.413223140495868,-30.42,28.58,281.790833333333,0.0619346668245363,40.7407407407408,32.0069077119399,208.03,-7.08316666666667,30.3334,"Macroperforate","Unspecified","Orig","ODP","2",2,"S_globular_spherical","Asymbiotic_SML","IODP"
"Globoturborotalita kennetti","Globoturborotalita kennetti",1,1,0.269541778975741,-26.6,-13.55,NA,0,5.26315789473684,8.85590154319094,142.27,-26.1366666666667,-11.6661666666667,"Macroperforate","Biostratigraphy","Magneto","ODP","3",1,"S_globular_spherical","Symbiotic_SML","IODP"
"Globoturborotalita labiacrassata","Globoturborotalita labiacrassata",35,13,13.5977337110482,-53.55,3.16,118.344271634615,0.446210759889928,16.1293038706197,27.5839774644301,151.16037211779,-52.2238333333333,14.2193339368355,"Macroperforate","Unspecified","Orig","ODP","2",2,"S_globular_spherical","Asymbiotic_SML","Neptune"
"Globoturborotalita martini","Globoturborotalita martini",16,7,5.6047197640118,-10.03,57.81,242.187474176932,0.781981808244198,6.2263009569689,32.6110527349433,199.42493185513,-4.3117,61.371,"Macroperforate","Selected species","Model","Drilling/drill rig (DRILL)","2",1,"S_globular_spherical","Symbiotic_SML","Pangaea"
"Globoturborotalita nepenthes","Globoturborotalita nepenthes",109,72,72.1480735331151,1.04,40.96,220.723136713287,0.828762920261624,8.94483984690663,7.79527827927613,231.894789842382,2.50781666666667,87.3662,"Macroperforate","Biostratigraphy","Orig","ODP","2",2,"S_globular_spherical","Asymbiotic_SML","IODP"
"Globoturborotalita occlusa","Globoturborotalita occlusa",8,4,3.37573385518591,-7.15,56.85,219.975466496164,0.156543596641785,3.93719569090298,26.4963415624291,146.02905774371,-3.915,60.5517,"Macroperforate","Selected species","Orig","Drilling/drill rig (DRILL)",NA,NA,NA,NA,"Pangaea"
"Globoturborotalita ouachitaensis","Globoturborotalita ouachitaensis",30,14,12.8419100602689,0.14,56.71,266.657930706849,0.770229164222527,6.81830281543232,29.7843200064044,220.953697425649,7.06833333333333,60.5517,"Macroperforate","Biostratigraphy","Orig","Drilling/drill rig (DRILL)","2",1,"S_globular_spherical","Symbiotic_SML","Pangaea"
"Globoturborotalita rubescens","Globoturborotalita rubescens",32,20,22.1606648199446,6.12265,10.747195907019,175.601936693442,0.722878770375546,3.77111804370812,1.45986860578558,89.0652375,6.15665,12.9362653515714,"Macroperforate","Community analysis","Orig","ODP","2",2,"S_globular_spherical","Asymbiotic_SML","Pangaea"
"Globoturborotalita tenella","Globoturborotalita tenella",24,10,12.9166666666667,12.744,20.3,158.571969495655,0.771011170435736,2.33120485943856,0.735712267512182,68.3964516129032,13.0721666666667,20.4293,"Macroperforate","Community analysis","Orig","ODP","2",2,"S_globular_spherical","Asymbiotic_SML","Pangaea"
"Globoturborotalita woodi","Globoturborotalita woodi",53,31,29.5729137398146,-1.975,163.055,375.31002743256,0.804622197300314,10.2164608309961,13.957357755976,273.2524346112,0.3185,159.361,"Macroperforate","Biostratigraphy","Orig","ODP","2",1,"S_globular_spherical","Symbiotic_SML","Neptune"
"Guembelitria cretacea","Guembelitria cretacea",101,52,13.4099616858238,17.36,-156.05,88.9918494505495,0.326547179471019,17.4643587188607,65.4338642499715,257.370396039604,32.6517,158.5061,"Microperforate","Unspecified","Orig","ODP","Microperforate",NA,"Microperforate",NA,"Neptune"
"Guembelitrioides nuttalli","Guembelitrioides nuttalli",32,16,20,23.91,-172.45,94.302027100271,0.817053659095216,6.749694624388,43.536858034279,277.031125,32.00216,158.25936,"Macroperforate","Biostratigraphy","Orig","ODP","2",3,"S_globular_spherical","Thermocline","Pangaea"
"Hantkenina alabamensis","Hantkenina alabamensis",31,16,18.9655172413793,25.025,-66.93,184.462731517932,0.679132505279897,9.35635279513811,36.1528937151767,273.771844660194,29.9923183333333,-76.5235647619047,"Macroperforate","Biostratigraphy","Orig","ODP","10",2,"NS_spinate_planispiral","Asymbiotic_SML","Neptune"
"Hantkenina compressa","Hantkenina compressa",3,2,0.85348506401138,37.74,-41.045,0.0110566666666671,1.91297583703731e-05,9.3820743820744,39.5872155813442,54.6333333333333,41.43831,-49.78581,"Macroperforate","Unspecified","Orig","ODP","10",2,"NS_spinate_planispiral","Asymbiotic_SML","Neptune"
"Hantkenina dumblei","Hantkenina dumblei",23,12,13.495575221239,28.05,-41.16,56.5529560655738,0.343499183302618,9.53826550381379,41.6444855253644,177.823035714286,32.22353,-49.78581,"Macroperforate","Unspecified","Orig","ODP","10",3,"NS_spinate_planispiral","Thermocline","Neptune"
"Hantkenina liebusi","Hantkenina liebusi",6,4,3.66748166259168,24.575,-35.17,281.740057142857,0.447714029470687,8.28967103093332,42.0630709312842,391.125,32.22353,1.31,"Macroperforate","Unspecified","Orig","ODP","10",4,"NS_spinate_planispiral","Sub_thermocline","Neptune"
"Hantkenina mexicana","Hantkenina mexicana",1,1,1.85185185185185,41.9,0.95,NA,0,2.85714285714286,43.4557204342191,NA,43.31,1.31,"Macroperforate","Unspecified","Orig","Terrestrial","10",4,"NS_spinate_planispiral","Sub_thermocline","Lloydetal2012"
"Hantkenina primitiva","Hantkenina primitiva",4,2,1,-24.25,16.425,62.3578266666667,0.0890865822026429,5.43389696149645,35.3461563417722,184.6775,-5.30831666666667,15.0172077565298,"Macroperforate","Unspecified","Orig","ODP","10",3,"NS_spinate_planispiral","Thermocline","Neptune"
"Hastigerina pelagica","Hastigerina pelagica",1,1,0.233100233100233,-34.735,164.735,124.34645,0.00211263425277441,3.33333333333333,2.78874784131185,50.65,-33.30985,164.453433333333,"Microperforate","Biostratigraphy","Interp","ODP","Microperforate",NA,"Microperforate",NA,"IODP"
"Hastigerinella digitata","Hastigerinella digitata",1,1,0.386100386100386,1.3,142.72,NA,0,NA,1.69066618194105,37.15,1.87,141.9383,"Microperforate","Unspecified","Orig","ODP","Microperforate",NA,"Microperforate",NA,"Neptune"
"Hirsutella bermudezi","Hirsutella bermudezi",4,4,1.32538104705103,32.16,159.56,511.628466666667,0.506739890448153,1.60178637767614,1.62998357451346,40.1525,17.1559,158.54215,"Macroperforate","Community analysis","Orig","Drilling/drill rig (DRILL)","16",4,"NS_rotaliform","Sub_thermocline","Neptune"
"Hirsutella challengeri","Hirsutella challengeri",2,2,0.392156862745098,-2.05,168.03,0,0,4.04040404040404,11.6909485276999,382.29,0.3185,159.361,"Macroperforate","Biostratigraphy","Interp","Drilling/drill rig (DRILL)","16",4,"NS_rotaliform","Sub_thermocline","Pangaea"
"Hirsutella cibaoensis","Hirsutella cibaoensis",21,11,13.1625131625132,-0.88,162.82,313.709317405405,0.812054655745775,8.64432422998416,6.64488536603495,199.044533333333,1.87,141.9383,"Macroperforate","Unspecified","Orig","ODP","16",4,"NS_rotaliform","Sub_thermocline","Neptune"
"Hirsutella evoluta","Hirsutella evoluta",3,3,3.2258064516129,23.26,-43.67,224.7357,0.198200465957455,2.98701298701299,4.43029071159008,121.016666666667,22.9813333333333,-43.5158333333333,"Macroperforate","Unspecified","Orig","ODP","16",4,"NS_rotaliform","Sub_thermocline","Neptune"
"Hirsutella gigantea","Hirsutella gigantea",2,2,0.490196078431372,-29.65,-33.94,201.884033333333,0.334248923799269,5.23148148148148,9.71194905881806,47.2366666666667,-30.0041666666667,-35.5598333333333,"Macroperforate","Biostratigraphy","Model","ODP","14",4,"NS_rotaliform","Sub_thermocline","IODP"
"Hirsutella hirsuta","Hirsutella hirsuta",25,16,16,27.005,-7.75,128.870224197857,0.50178453620272,4.74701581542343,1.29315787145788,93.7892708333333,20.053,-7.7370375,"Macroperforate","Community analysis","Orig","ODP","15",4,"NS_rotaliform","Sub_thermocline","IODP"
"Hirsutella juanai","Hirsutella juanai",12,5,4.72016183412003,2.76,163.96,345.314710588235,0.981613852233849,4.66815938218279,7.3791268979494,231.943142857143,3.6276,158.4982,"Macroperforate","Unspecified","Orig","ODP","16",4,"NS_rotaliform","Sub_thermocline","Neptune"
"Hirsutella margaritae","Hirsutella margaritae",69,36,48.1767367580516,2.82,16.54,220.074852866789,0.752959200358253,6.75438726778362,4.79437613905673,211.929472222222,3.5839,17.401035,"Macroperforate","Biostratigraphy","Orig","ODP","14",4,"NS_rotaliform","Sub_thermocline","IODP"
"Hirsutella praemargaritae","Hirsutella praemargaritae",2,2,0.809716599190283,17.145,-168.15,475.86125,0.439794653645457,1.0270154373928,7.7110925621225,169.215,17.627975,-170.52615,"Macroperforate","Unspecified","Model","ODP","14",4,"NS_rotaliform","Sub_thermocline","IODP"
"Hirsutella praescitula","Hirsutella praescitula",55,34,38.8709677419355,-1.14,75.95,498.498234187413,0.816164507335714,14.329710324998,15.5990148425524,294.121208333333,5.06,76.794,"Macroperforate","Unspecified","Orig","ODP","16",4,"NS_rotaliform","Sub_thermocline","Neptune"
"Hirsutella primitiva","Hirsutella primitiva",4,3,5.04201680672269,-0.905,157.70473501437,192.061816666667,0.667850791897941,3.29327047494448,5.18630214122327,197.093333333333,0.68565,154.38998049302,"Macroperforate","Community analysis","Orig","Drilling/drill rig (DRILL)","14",4,"NS_rotaliform","Sub_thermocline","Pangaea"
"Hirsutella scitula","Hirsutella scitula",92,48,48.2,28.08,4.7,290.243790338173,0.720440319392215,5.91534425569393,5.65317408957689,159.575723916106,9.02916666666667,4.7965,"Macroperforate","Biostratigraphy","Orig","ODP","14",4,"NS_rotaliform","Sub_thermocline","IODP"
"Hirsutella theyeri","Hirsutella theyeri",3,2,1.12794070254592,-0.83,159.43,2.41322380952381,0.616439040317969,4.59907694962043,1.64577319596362,25.3285714285714,-0.4973,158.4982,"Macroperforate","Community analysis","Zone","Drilling/drill rig (DRILL)","14",4,"NS_rotaliform","Sub_thermocline","Pangaea"
"Igorina albeari","Igorina albeari",41,24,27.6346604215457,19.72,-159.58,60.5777299145299,0.57079561999526,14.2569222596019,58.8005795850019,210.929035087719,32.2235,158.25936,"Macroperforate","Unspecified","Orig","ODP","12",1,"NS_rotaliform","Symbiotic_SML","Neptune"
"Igorina pusilla","Igorina pusilla",81,28,58.7412587412588,19.18,-158.61,79.5510621199082,0.371450667501347,24.7467563399573,61.5810203174796,143.573536585366,32.4484,157.7117,"Macroperforate","Unspecified","Orig","ODP","7",1,"NS_globular","Symbiotic_SML","Neptune"
"Igorina tadjikistanensis","Igorina tadjikistanensis",47,28,35.4203935599285,19.08,-159.89,283.170888047992,0.742666468083471,17.7179485826044,58.0470756652977,226.852877165802,32.0023,157.85,"Macroperforate","Unspecified","Orig","ODP","7",1,"NS_globular","Symbiotic_SML","Neptune"
"Jenkinsina columbiana","Jenkinsina columbiana",1,1,0.0481927710843374,15.35,46.205,85.5432,0.0365329732078835,4.54545454545455,38.8420640620356,NA,25.9453833333333,50.8514,"Microperforate","Unspecified","Orig","Terrestrial","Microperforate",NA,"Microperforate",NA,"Fentonetal2016"
"Jenkinsina triseriata","Jenkinsina triseriata",3,2,0.784313725490196,-60.465,74.455999983285,107.006520261438,0.278488633492464,9.8362174526455,40.3793653893864,140.128176144244,-62.709,82.7878,"Microperforate","Biostratigraphy","Model","Drilling/drill rig (DRILL)","Microperforate",NA,"Microperforate",NA,"Pangaea"
"Menardella archeomenardii","Menardella archeomenardii",20,18,23.0769230769231,0.475,-100.74,124.556054920635,0.767468486276302,10.2009996341072,14.926669772664,209.376388888889,5.7036,-90.48076,"Macroperforate","Selected species","Orig","Drilling/drill rig (DRILL)","14",3,"NS_rotaliform","Thermocline","Pangaea"
"Menardella exilis","Menardella exilis",22,10,9.74358974358974,12.91,-51.3,122.395503627311,0.274128673129266,5.89840696242435,3.11929213784949,92.9339473684211,12.744,-51.4804166666666,"Macroperforate","Biostratigraphy","Orig","ODP","14",3,"NS_rotaliform","Thermocline","IODP"
"Menardella limbata","Menardella limbata",43,23,24.3151412189425,-0.53,61.04,205.342121385888,0.617998190897342,6.99926842172196,6.20899496907079,188.955149122807,1.87,72.8778333333333,"Macroperforate","Biostratigraphy","Model","ODP","14",3,"NS_rotaliform","Thermocline","IODP"
"Menardella menardii","Menardella menardii",95,63,65.9437751004016,1.63,115.22,203.887103234671,0.884821553241911,8.09249855725928,6.21069385440908,207.306948780488,3.6276,115.859151666667,"Macroperforate","Biostratigraphy","Orig","ODP","14",3,"NS_rotaliform","Thermocline","IODP"
"Menardella miocenica","Menardella miocenica",22,16,35.5555555555556,19.885,-23.26,105.751901512097,0.14400039035169,6.11910429770628,2.86128667835322,97.10121875,20.08425,-22.9549,"Macroperforate","Biostratigraphy","Model","Drilling/drill rig (DRILL)","14",3,"NS_rotaliform","Thermocline","Pangaea"
"Menardella multicamerata","Menardella multicamerata",37,20,22.6244343891403,0.53,162.641999998947,118.122314989899,0.776882549118153,4.81803892620613,4.24697998491354,172.67505050505,1.87,158.4982,"Macroperforate","Unspecified","Orig","ODP","14",3,"NS_rotaliform","Thermocline","Neptune"
"Menardella pertenuis","Menardella pertenuis",12,8,10.6666666666667,13.07,-77.2336948243069,113.61244625,0.268879216294038,5.10380871472059,2.76290629033031,112.3334375,13.0813333333334,-77.4497512708542,"Macroperforate","Biostratigraphy","Orig","ODP","14",3,"NS_rotaliform","Thermocline","Pangaea"
"Menardella praemenardii","Menardella praemenardii",54,34,40.6360424028269,0.76,-99.1399999780675,179.336471278959,0.712171282165413,7.52805924848434,12.9852040606323,242.198260869565,5.19685,-90.4808,"Macroperforate","Unspecified","Orig","ODP","14",3,"NS_rotaliform","Thermocline","Neptune"
"Menardella pseudomiocenica","Menardella pseudomiocenica",20,15,16.158315177923,-1.11,16.76,212.101528677222,0.559532472277493,6.52493266229105,4.54531883548812,143.971,0.3185,17.401035,"Macroperforate","Biostratigraphy","Model","ODP","14",3,"NS_rotaliform","Thermocline","IODP"
"Morozovella acuta","Morozovella acuta",67,30,33.7037037037037,20.965,-61.065,88.0838638091192,0.689662341868306,7.95021324037074,56.9263226336257,271.229883040936,32.223615,158.2594,"Macroperforate","Unspecified","Orig","ODP","18",1,"NS_muricate","Symbiotic_SML","Neptune"
"Morozovella acutispira","Morozovella acutispira",10,7,8.59872611464968,-35.27,-7.75,51.3632660968661,0.713805583381868,7.18661187341963,59.2091460224834,281.456296296296,1.4622,90.208,"Macroperforate","Unspecified","Orig","ODP","18",1,"NS_muricate","Symbiotic_SML","Neptune"
"Morozovella aequa","Morozovella aequa",112,47,50.3364737550471,20.97,-32.155,122.93884021161,0.801781916504969,9.27863038758838,54.8415504619255,236.600873239437,32.22353,9.0467,"Macroperforate","Unspecified","Orig","ODP","18",1,"NS_muricate","Symbiotic_SML","Neptune"
"Morozovella angulata","Morozovella angulata",57,24,43.2926829268293,17.01,-59.98,165.579697987927,0.682035449624519,10.3949500539366,61.5719761304017,218.30491502883,32.22353,158.25936,"Macroperforate","Unspecified","Orig","ODP","18",1,"NS_muricate","Symbiotic_SML","Neptune"
"Morozovella apanthesma","Morozovella apanthesma",22,13,12.2611464968153,19.72,-161.99,298.44018923445,0.473423702396722,4.27731457433967,57.8500261656465,214.724794520548,32.22353,158.2594,"Macroperforate","Unspecified","Orig","ODP","18",1,"NS_muricate","Symbiotic_SML","Neptune"
"Morozovella aragonensis","Morozovella aragonensis",62,40,43.8653637350706,23.78,-31,100.742943303319,0.852187055009376,12.0555478385131,47.8518063303623,322.524816753927,32.224,58.1246666666667,"Macroperforate","Biostratigraphy","Model","ODP","19",1,"NS_muricate","Symbiotic_SML","IODP"
"Morozovella caucasica","Morozovella caucasica",26,13,16.5202108963093,36.03,-14.085,54.3122557767101,0.670585822222888,10.9909243133104,47.3953241216748,355.352252747253,40.6549933333334,-10.5063307919438,"Macroperforate","Biostratigraphy","Model","ODP","19",1,"NS_muricate","Symbiotic_SML","IODP"
"Morozovella conicotruncata","Morozovella conicotruncata",34,15,29.3333333333333,24.78,-28.1600003426964,163.013692758985,0.598718077638891,16.2124355257466,61.3410805207908,290.056567432884,30.0999616666667,-49.4266559329769,"Macroperforate","Unspecified","Orig","ODP","18",1,"NS_muricate","Symbiotic_SML","Neptune"
"Morozovella crater","Morozovella crater",25,12,11.3658070678128,36.21,-37.22,59.7598064235864,0.168515880231974,16.9955892275949,47.6995701582151,261.675457919045,41.29583,-49.23333,"Macroperforate","Unspecified","Orig","ODP","19",1,"NS_muricate","Symbiotic_SML","Neptune"
"Morozovella edgari","Morozovella edgari",10,7,15.7303370786517,19.71,-164.96,32.4539912087912,0.413674454515419,5.01221907363119,55.221536363948,196.071428571429,32.2237,158.2594,"Macroperforate","Biostratigraphy","Orig","Drilling/drill rig (DRILL)","19",1,"NS_muricate","Symbiotic_SML","Neptune"
"Morozovella formosa","Morozovella formosa",40,28,31.1258278145695,21.11,-169.73,82.6919899696048,0.854034085942397,9.42543692441767,51.9950001084393,183.571375402267,32.0021666666667,157.8499888,"Macroperforate","Biostratigraphy","Orig","ODP","19",1,"NS_muricate","Symbiotic_SML","Pangaea"
"Morozovella gracilis","Morozovella gracilis",69,38,42.8571428571428,21.34,-34.31,137.388564442908,0.846320198245431,8.59332014377964,53.7187964459326,198.449297520661,32.2237,46.4623333333333,"Macroperforate","Unspecified","Orig","ODP","18",1,"NS_muricate","Symbiotic_SML","Neptune"
"Morozovella lensiformis","Morozovella lensiformis",58,40,45.7471264367816,21.11,-34.08,170.889570392366,0.914570898145374,8.90682099051227,52.0123777653713,188.605182569643,32.0021666666667,70.3,"Macroperforate","Biostratigraphy","Orig","ODP","19",1,"NS_muricate","Symbiotic_SML","Pangaea"
"Morozovella marginodentata","Morozovella marginodentata",49,28,29.9568965517241,21.11,-14.19,147.783774611615,0.748437659625882,8.5425196863883,53.6717035632296,205.951709397082,32.22353,9.0467,"Macroperforate","Biostratigraphy","Orig","ODP","18",1,"NS_muricate","Symbiotic_SML","Pangaea"
"Morozovella occlusa","Morozovella occlusa",73,43,46.4864864864864,19.715,-149.49,78.4887436551744,0.661321575124739,11.5606261285824,57.3521976442432,273.0455,32.2237,158.5059,"Macroperforate","Unspecified","Orig","ODP","18",1,"NS_muricate","Symbiotic_SML","Neptune"
"Morozovella pasionensis","Morozovella pasionensis",44,16,17.338003502627,20.46,-161.99,24.2913282003711,0.129965172741556,4.51826195293076,57.0003194247304,182.993229166667,32.2237,158.2594,"Macroperforate","Unspecified","Orig","ODP","18",1,"NS_muricate","Symbiotic_SML","Neptune"
"Morozovella praeangulata","Morozovella praeangulata",8,6,11.214953271028,16.88,-167.26,88.5902810606061,0.428364400621864,8.93191762588954,62.0114759560569,228.198181818182,32.437595,158.382645,"Macroperforate","Biostratigraphy","Model","Drilling/drill rig (DRILL)","18",1,"NS_muricate","Symbiotic_SML","Pangaea"
"Morozovella subbotinae","Morozovella subbotinae",60,33,39.1691394658754,21.11,-13.5333333436527,177.017006285286,0.748024073248046,9.16240752919068,53.6516685331171,208.492975826962,32.22353,10.2166256689062,"Macroperforate","Biostratigraphy","Model","ODP","18",1,"NS_muricate","Symbiotic_SML","IODP"
"Morozovella velascoensis","Morozovella velascoensis",84,46,51.6077170418007,19.08,-32.2,155.001619855919,0.756500258356876,13.7734812083395,57.4995909225586,281.332454570758,32.0023,33.0742,"Macroperforate","Unspecified","Orig","ODP","19",1,"NS_muricate","Symbiotic_SML","Neptune"
"Morozovelloides bandyi","Morozovelloides bandyi",10,4,2.70758122743682,37.12,-39.22,186.946888571429,0.267855875567207,8.0551621390585,42.7371589422972,147.204666666667,41.32831,-49.16999,"Macroperforate","Unspecified","Orig","ODP","17",1,"NS_muricate","Symbiotic_SML","Neptune"
"Morozovelloides coronatus","Morozovelloides coronatus",6,4,3.86178861788618,-7.37,61.59,156.363878362573,0.0676564675913942,6.42609612293718,41.9018990092197,229.796315789474,9.02916666666667,72.8778333333333,"Macroperforate","Biostratigraphy","Model","ODP","19",1,"NS_muricate","Symbiotic_SML","IODP"
"Morozovelloides crassatus","Morozovelloides crassatus",65,39,46.879150066401,36.83,-38.73,129.343177197077,0.512620826425179,10.6752648329196,41.9717920619908,286.870850746269,40.34999,-49.16999,"Macroperforate","Unspecified","Orig","ODP","17",1,"NS_muricate","Symbiotic_SML","Neptune"
"Morozovelloides lehneri","Morozovelloides lehneri",22,18,17.9176755447942,37.27,-39.09,123.203694131803,0.31107489644076,8.16522839956328,41.7496180031817,286.100491803279,40.96,-49.16999,"Macroperforate","Unspecified","Orig","ODP","17",1,"NS_muricate","Symbiotic_SML","Neptune"
"Muricohedbergella holmdelensis","Muricohedbergella holmdelensis",6,6,1.16731517509728,19.215,-19.78,119.882656666667,0.476311514512445,14.7912087912088,65.8927307055617,287.86,30.29605,16.7696,"Macroperforate","Unspecified","Orig","Terrestrial","7",3,"NS_globular","Thermocline","Lloydetal2012"
"Muricohedbergella monmouthensis","Muricohedbergella monmouthensis",21,21,5.32994923857868,16.55,-156.56,144.694835714286,0.570023619890301,13.0840666918063,65.8196089123055,189.161176470588,32.002,157.85,"Macroperforate","Unspecified","Orig","Drilling/drill rig (DRILL)","7",3,"NS_globular","Thermocline","Pangaea"
"Mutabella mirabilis","Mutabella mirabilis",1,1,0.407331975560081,1.635,-157.83,0.18605,0.365404363915529,8.06818181818182,15.6486134555494,304.5325,4.16181833333334,-167.6575175,"Microperforate","Biostratigraphy","Magneto","ODP","Microperforate",NA,"Microperforate",NA,"IODP"
"Neogloboquadrina acostaensis","Neogloboquadrina acostaensis",133,54,60.7192900513779,2.955,12.05,284.731343146616,0.813423206861505,12.4581513567367,6.45577605677092,219.212535384615,4.81075666666666,17.401035,"Macroperforate","Biostratigraphy","Model","ODP","7",3,"NS_globular","Thermocline","IODP"
"Neogloboquadrina atlantica","Neogloboquadrina atlantica",18,6,5.33211456429007,45.21,-24.83,194.66434907563,0.306311933990326,10.6548067621627,3.73648638829079,125.745382352941,44.6741833333333,-24.8705,"Macroperforate","Biostratigraphy","Orig","Drilling/drill rig (DRILL)",NA,NA,NA,NA,"Pangaea"
"Neogloboquadrina dutertrei","Neogloboquadrina dutertrei",94,29,26.9908916186179,4.35,16.11,221.340568836471,0.843949446489214,9.67499316112491,2.33864450220598,100.768789087939,5.384067,17.401035,"Macroperforate","Biostratigraphy","Orig","ODP","7",3,"NS_globular","Thermocline","IODP"
"Neogloboquadrina humerosa","Neogloboquadrina humerosa",72,41,45.4607883532482,12.78,3.31,435.292802145931,0.836099298860579,11.4412813144115,4.46756742401673,198.594435045317,13.1918,3.07036666666667,"Macroperforate","Biostratigraphy","Orig","ODP","7",3,"NS_globular","Thermocline","IODP"
"Neogloboquadrina incompta","Neogloboquadrina incompta",152,31,31.8455153722368,36.8281333333333,-14.702267,291.067567587959,0.763061707478924,16.3954975168088,2.46768199106341,147.694441970552,23.999,-9.41100666666667,"Macroperforate","Community analysis","Orig","ODP","7",5,"NS_globular",NA,"IODP"
"Neogloboquadrina pachyderma","Neogloboquadrina pachyderma",162,46,46.7777370926401,40.48,-24.206667,260.300822084625,0.739966913545442,24.8827010434603,3.26936993824009,114.527421232106,32.423,-24.082417,"Macroperforate","Unspecified","Orig","ODP","7",5,"NS_globular",NA,"Pangaea"
"Orbulina suturalis","Orbulina suturalis",61,30,31.8783068783069,1.98,70.4599999993908,243.336130875338,0.794858753272604,8.20570862179482,9.83219456755076,242.671671517672,5.06,73.2836701515151,"Macroperforate","Biostratigraphy","Orig","ODP","4",3,"S_globular_spherical","Thermocline","IODP"
"Orbulina universa","Orbulina universa",132,83,88.0478087649402,2.425,43.1888648121885,262.58321312657,0.848158778297526,7.77355746552935,6.61916337785322,189.861371824474,4.2041,73.7867,"Macroperforate","Biostratigraphy","Orig","ODP","4",1,"S_globular_spherical","Symbiotic_SML","IODP"
"Orbulinoides beckmanni","Orbulinoides beckmanni",8,5,23.2558139534884,14.55,-35.54,146.759338888889,0.364660131042589,9.41170801250207,40.1312587795008,513.254,29.97565,-43.4889,"Macroperforate","Unspecified","Orig","ODP","4",1,"S_globular_spherical","Symbiotic_SML","Fentonetal2016"
"Orcadia riedeli","Orcadia riedeli",2,2,1.55440414507772,10.708,-65.1746666666667,398.730481333333,0.0432562294404143,0.933507887468444,0.679494124415012,60.66,10.708,-65.1746666666667,"Microperforate","Biostratigraphy","Interp","ODP","Microperforate",NA,"Microperforate",NA,"IODP"
"Paragloborotalia acrostoma","Paragloborotalia acrostoma",15,6,6.11995104039168,40,-29.3127431141873,138.588286734694,0.088563375777628,11.2293620645141,18.0043720914662,279.139791666667,40.6832,-35.7086188178373,"Macroperforate","Biostratigraphy","Model","ODP","2",3,"S_globular_spherical","Thermocline","IODP"
"Paragloborotalia birnageae","Paragloborotalia birnageae",20,7,5.97647058823529,-1.44,-158.24,313.060843669541,0.833845453672197,7.62530846912127,18.7444181809596,416.933976377953,1.87,-176.825,"Macroperforate","Unspecified","Orig","ODP","13",3,"NS_rotaliform","Thermocline","Neptune"
"Paragloborotalia continuosa","Paragloborotalia continuosa",41,26,26.9770408163265,2.16,-175.6,405.074067403897,0.805262317708676,10.83071144018,15.1115066620626,251.877321428571,5.5572,159.361,"Macroperforate","Unspecified","Orig","ODP","7",3,"NS_globular","Thermocline","Neptune"
"Paragloborotalia griffinoides","Paragloborotalia griffinoides",1,1,0.136736554238833,-0.89,-111.04,0.0900333333333333,0.000573096153743236,32.9059829059829,41.3902195793514,132.28,10.5166,-138.4193,"Macroperforate","Unspecified","Orig","ODP","2",4,"S_globular_spherical","Sub_thermocline","Neptune"
"Paragloborotalia incognita","Paragloborotalia incognita",22,7,7.77310924369748,-53.83,78.17,117.190886336336,0.18872456274959,24.3217231573849,19.2479272642607,135.567297297297,-54.811,76.794,"Macroperforate","Unspecified","Orig","ODP","2",3,"S_globular_spherical","Thermocline","Neptune"
"Paragloborotalia kugleri","Paragloborotalia kugleri",62,59,64.1304347826087,2.955,-116.97,257.325832746632,0.702765520254405,15.2175193764473,22.0003700830764,275.878686440678,5.3122,-133.31985,"Macroperforate","Unspecified","Orig","ODP","16",1,"NS_rotaliform","Symbiotic_SML","Neptune"
"Paragloborotalia mayeri","Paragloborotalia mayeri",77,50,54.140625,0.92,172.64,225.236917424034,0.87228681384273,12.9304079647222,16.1391217534778,285.774703757225,5.06,159.361,"Macroperforate","Biostratigraphy","Orig","ODP","2",3,"S_globular_spherical","Thermocline","Pangaea"
"Paragloborotalia nana","Paragloborotalia nana",106,45,39.2572944297082,-2.245,-28.43,337.860244528287,0.864413996100934,12.7085555561609,28.4879170612129,261.49997849344,5.06,-35.285,"Macroperforate","Unspecified","Orig","ODP","2",3,"S_globular_spherical","Thermocline","Neptune"
"Paragloborotalia opima","Paragloborotalia opima",99,59,80.9264305177111,1.69,-112.12,236.185118989444,0.80172085934856,16.4876884995654,28.64622721054,252.79827562554,8,-133.3302,"Macroperforate","Unspecified","Orig","ODP","2",3,"S_globular_spherical","Thermocline","Neptune"
"Paragloborotalia pseudocontinuosa","Paragloborotalia pseudocontinuosa",25,13,13.1372549019608,-7.13,55.9,325.743920527363,0.72856079096921,8.20429896781939,25.5298257702544,226.59593017132,-3.915,60.5517,"Macroperforate","Unspecified","Orig","ODP",NA,NA,NA,NA,"Neptune"
"Paragloborotalia pseudokugleri","Paragloborotalia pseudokugleri",70,37,47.6683937823834,2.965,-46.75,202.077942159658,0.93970334470066,15.8221219842968,23.4247501852369,265.641054659936,7.701,160.541,"Macroperforate","Unspecified","Orig","ODP","16",1,"NS_rotaliform","Symbiotic_SML","Neptune"
"Paragloborotalia semivera","Paragloborotalia semivera",23,14,14.8264984227129,1.305,-29.26,471.775975295824,0.938024493120193,9.56332477299053,22.2082964573641,231.713186708818,5.06,-138.419,"Macroperforate","Unspecified","Orig","ODP","2",3,"S_globular_spherical","Thermocline","Neptune"
"Paragloborotalia siakensis","Paragloborotalia siakensis",56,36,36.9936554416789,2.045,-29.21,248.926554433554,0.679520625662312,12.1079762734427,20.3088384809804,227.361256505649,5.85,-35.285,"Macroperforate","Biostratigraphy","Model","ODP","2",3,"S_globular_spherical","Thermocline","IODP"
"Parasubbotina eoclava","Parasubbotina eoclava",1,1,0.602409638554217,36.46,-38.52,50.1943,0.0533773637131705,14.9392540197138,46.6800616868629,252.716666666667,41.32831,-49.81331,"Macroperforate","Unspecified","Orig","ODP","2",6,"S_globular_spherical",NA,"Neptune"
"Parasubbotina griffinae","Parasubbotina griffinae",21,5,3.65384615384615,23.91,-173.42,102.681097012802,0.305565280884914,4.38560606245414,43.3412478862712,179.308857142857,32.00216,157.85,"Macroperforate","Biostratigraphy","Model","Drilling/drill rig (DRILL)","2",6,"S_globular_spherical",NA,"Pangaea"
"Parasubbotina hagni","Parasubbotina hagni",26,10,9.44730077120822,36.81,-39.1,79.4580787251887,0.296161270792426,12.6563528208819,41.1765438697267,223.32052583797,32.0021666666667,-49.785805,"Macroperforate","Unspecified","Orig","ODP","2",3,"S_globular_spherical","Thermocline","Neptune"
"Parasubbotina inaequispira","Parasubbotina inaequispira",38,26,26.4545454545455,21.11,-14.74,315.032285491172,0.884629482904645,7.01054588885505,50.2748842124274,230.675075157771,32.002,70.3,"Macroperforate","Unspecified","Orig","ODP","2",6,"S_globular_spherical",NA,"Neptune"
"Parasubbotina pseudobulloides","Parasubbotina pseudobulloides",76,59,62.8450106157112,-54.9,-13.69,339.097230095053,0.67342407261938,16.7673238953618,63.7493361393342,316.688923091918,-28.287,3.0999,"Macroperforate","Biostratigraphy","Orig","ODP","2",4,"S_globular_spherical","Sub_thermocline","Pangaea"
"Parasubbotina varianta","Parasubbotina varianta",29,10,7.83272485894457,-60.61,72.55,281.167861442481,0.595129680582516,11.3009015817066,55.8404228684103,239.068628318584,-28.0415,82.7878,"Macroperforate","Unspecified","Orig","ODP","2",3,"S_globular_spherical","Thermocline","Neptune"
"Parasubbotina variospira","Parasubbotina variospira",2,2,2.36686390532544,-45.385,-27.525,91.725425,0.374011887173338,12.4963450292398,61.9127272287957,374.1075,6.598915,-49.23333,"Macroperforate","Unspecified","Orig","ODP","2",3,"S_globular_spherical","Thermocline","Neptune"
"Parvularugoglobigerina alabamensis","Parvularugoglobigerina alabamensis",4,2,1.55210643015521,26.35,-74.94,240.809428571429,0.210773799321876,23.0852362767256,64.0981439647969,623.62,21.4499333333333,-89.9494666666667,"Microperforate","Biostratigraphy","Model","ODP","Microperforate",NA,"Microperforate",NA,"IODP"
"Parvularugoglobigerina eugubina","Parvularugoglobigerina eugubina",13,13,144.444444444439,16.57,-156.56,40.2752564102564,0.306536414449313,15.5641495278366,65.7604249175836,205.783846153846,32.002,157.85,"Microperforate","Unspecified","Orig","ODP","Microperforate",NA,"Microperforate",NA,"Neptune"
"Parvularugoglobigerina extensa","Parvularugoglobigerina extensa",1,1,49.9999999999744,26.4,-73.35,NA,0,26.6666666666667,65.7233630318067,616.34,21.4499333333333,-89.9494666666667,"Microperforate","Biostratigraphy","Model","ODP","Microperforate",NA,"Microperforate",NA,"IODP"
"Pearsonites broedermanni","Pearsonites broedermanni",62,46,45.8687258687259,23.63,-37.17,179.451967162349,0.755428405962858,9.5760551206882,49.1169683742613,256.738934528345,32.00216,-49.1930227264585,"Macroperforate","Unspecified","Orig","ODP","7",1,"NS_globular","Symbiotic_SML","Neptune"
"Planoglobanomalina pseudoalgeriana","Planoglobanomalina pseudoalgeriana",9,6,5.14184397163121,-54.15,-14.66,74.0637830049261,0.0407456468603795,7.26325284803849,46.7485623459491,211.916525770386,-51.533,-30.2781,"Macroperforate","Unspecified","Orig","ODP","9",2,"NS_spinate_planispiral","Asymbiotic_SML","Neptune"
"Planorotalites capdevilensis","Planorotalites capdevilensis",2,2,0.744416873449132,47.77,-12.15,268.15005,0.153528369026074,11.5062079124579,42.5252483961068,178.827142857143,48.9155,-12.1645,"Macroperforate","Biostratigraphy","Interp","Drilling/drill rig (DRILL)","17",2,"NS_muricate","Asymbiotic_SML","Pangaea"
"Planorotalites pseudoscitula","Planorotalites pseudoscitula",47,26,25.9892086330935,-54.36,-13.55,251.86206577278,0.551717432462173,9.2774911737574,50.69025847449,262.279691642968,-50.9464333333333,-30.2781,"Macroperforate","Unspecified","Orig","ODP","17",2,"NS_muricate","Asymbiotic_SML","Neptune"
"Praemurica inconstans","Praemurica inconstans",57,48,59.7484276729561,-54.88,-13.69,339.331891422173,0.634891279853472,17.6999028707865,63.0452365906568,286.406201125988,-28.098,1.3532,"Macroperforate","Biostratigraphy","Orig","Drilling/drill rig (DRILL)","7",2,"NS_globular","Asymbiotic_SML","Pangaea"
"Praemurica pseudoinconstans","Praemurica pseudoinconstans",33,14,17.737003058104,17.37,-156.08,75.6629782214156,0.186240434031427,12.339699161984,64.5754569574326,263.25275862069,32.6517,158.5061,"Macroperforate","Unspecified","Orig","ODP","7",2,"NS_globular","Asymbiotic_SML","Neptune"
"Praemurica taurica","Praemurica taurica",16,10,20.1923076923076,26.35,-68.56,180.266075714286,0.473651307341425,13.533901077905,65.1930882350947,308.203333333333,21.4499333333333,-85.2096666666667,"Macroperforate","Biostratigraphy","Model","ODP","7",2,"NS_globular","Asymbiotic_SML","IODP"
"Praemurica uncinata","Praemurica uncinata",21,21,48.8372093023256,-54.88,-13.74,250.431971428572,0.437404011882527,17.9231385827791,62.2801202194564,328.570823879497,-29.4842,-30.2781,"Macroperforate","Unspecified","Orig","Drilling/drill rig (DRILL)","7",2,"NS_globular","Asymbiotic_SML","Pangaea"
"Praeorbulina circularis","Praeorbulina circularis",8,5,12.1951219512195,3.27,114.360000002742,71.3059388888889,0.492710841790606,4.42127317127317,15.2417609632108,174.538,9.0095,115.81248,"Macroperforate","Biostratigraphy","Model","ODP","4",1,"S_globular_spherical","Symbiotic_SML","IODP"
"Praeorbulina curva","Praeorbulina curva",43,26,41.40625,-0.78,69.35,256.987553483309,0.780091957973974,6.55438665738682,15.6017293269162,177.882075471698,5.0815,73.7867,"Macroperforate","Unspecified","Orig","ODP","4",1,"S_globular_spherical","Symbiotic_SML","Neptune"
"Praeorbulina glomerosa","Praeorbulina glomerosa",36,36,45,16.91,-15.25,186.390166587302,0.748018061059743,6.95257964131647,15.3862724707971,172.845833333333,19.0246416666667,-14.9987,"Macroperforate","Unspecified","Orig","ODP","4",1,"S_globular_spherical","Symbiotic_SML","Neptune"
"Pseudoglobigerinella bolivariana","Pseudoglobigerinella bolivariana",1,1,1.26582278481013,36.58,-0.72,287.779296666667,0.305071722469149,5.53124416199458,44.938933715793,336.05,28.6158333333333,-0.295,"Macroperforate","Unspecified","Orig","ODP","6",6,"S_flat_clavate_planispiral",NA,"Lloydetal2012"
"Pseudohastigerina micra","Pseudohastigerina micra",69,38,42.3791821561338,-50.78,-13.89,303.166794957532,0.519615749982819,10.7798665305991,40.0776202269471,229.899486049598,-23.346,-12.4746,"Macroperforate","Unspecified","Orig","ODP","9",2,"NS_spinate_planispiral","Asymbiotic_SML","IODP"
"Pseudohastigerina naguewichiensis","Pseudohastigerina naguewichiensis",37,20,23.5294117647059,-3.51,-38.0066685208722,249.612820363636,0.692259849187351,11.3039920063684,33.5469029130133,325.291430976431,4.2087,-44.1963,"Macroperforate","Unspecified","Orig","ODP","9",2,"NS_spinate_planispiral","Asymbiotic_SML","Neptune"
"Pseudohastigerina sharkriverensis","Pseudohastigerina sharkriverensis",3,2,0.61652281134402,14.55,64.57,0.17367,1.26805823900122e-05,3.36860368671836,40.2770130585795,NA,30.4,70.3,"Macroperforate","Unspecified","Zone","Terrestrial","9",2,"NS_spinate_planispiral","Asymbiotic_SML","Fentonetal2016"
"Pseudohastigerina wilcoxensis","Pseudohastigerina wilcoxensis",28,16,17.8487918939984,24.51,-13.58,274.689928391941,0.585511657233204,12.0716825739342,49.3253878985379,320.033506278587,30.4,-8.81033333333333,"Macroperforate","Biostratigraphy","Model","ODP","9",2,"NS_spinate_planispiral","Asymbiotic_SML","IODP"
"Pulleniatina finalis","Pulleniatina finalis",9,8,7.80487804878049,-0.731023333333335,137.91,76.6644380172344,0.358566413104624,16.413244710058,1.08865167573779,56.94875,-0.529745,137.640036666667,"Macroperforate","Biostratigraphy","Model","ODP","7",3,"NS_globular","Thermocline","IODP"
"Pulleniatina obliquiloculata","Pulleniatina obliquiloculata",67,35,37.0826010544815,2.08,119.96,132.589501113229,0.742425034672825,7.94707021452436,2.03456058596304,109.109099526066,2.5078,120.43498,"Macroperforate","Biostratigraphy","Orig","ODP","7",3,"NS_globular","Thermocline","IODP"
"Pulleniatina praecursor","Pulleniatina praecursor",9,5,4.84496124031008,1.34,143.37,146.506477666667,0.328394662596286,8.9773212835187,3.20488211125293,106.4454,2.04315166666667,141.754773333333,"Macroperforate","Unspecified","Orig","ODP","7",3,"NS_globular","Thermocline","Neptune"
"Pulleniatina praespectabilis","Pulleniatina praespectabilis",1,1,4.54545454545455,11.41,160.51,NA,0,0.598802395209581,4.59624409535434,34.74,12.8367,156.7827,"Macroperforate","Community analysis","Orig","Drilling/drill rig (DRILL)","7",3,"NS_globular","Thermocline","Pangaea"
"Pulleniatina primalis","Pulleniatina primalis",46,27,33.214920071048,-0.3,160.76,147.458645563797,0.698796824938539,7.76794764647861,4.44366176755851,161.940188172043,0.481666666666667,158.4982,"Macroperforate","Biostratigraphy","Orig","ODP","7",3,"NS_globular","Thermocline","IODP"
"Pulleniatina spectabilis","Pulleniatina spectabilis",3,3,2.85714285714286,-0.59,161.42,0.448933333333333,0.0110570463556003,1.72569027611045,4.48520073552383,119.186666666667,0.3185,158.5115,"Macroperforate","Unspecified","Orig","ODP","8",3,"NS_globular","Thermocline","Neptune"
"Rectoguembelina cretacea","Rectoguembelina cretacea",1,1,0.152439024390244,26.25,-74.54,NA,0,6.25,62.9947538087632,610.35,21.4499333333333,-89.9494666666667,"Microperforate","Biostratigraphy","Model","ODP","Microperforate",NA,"Microperforate",NA,"IODP"
"Sphaeroidinella dehiscens","Sphaeroidinella dehiscens",79,42,44.1124780316344,3.87,117.32,147.984498480147,0.800413254001014,5.49972351892451,2.49343493028817,107.5573,4.93305333333333,117.418883333333,"Macroperforate","Biostratigraphy","Orig","ODP","7",3,"NS_globular","Thermocline","IODP"
"Sphaeroidinellopsis disjuncta","Sphaeroidinellopsis disjuncta",23,11,11.2568418878447,-0.27,-100.27,287.004896109412,0.898037199304452,8.4212009659195,13.8628175038985,269.785321100917,5.06,-90.4808,"Macroperforate","Unspecified","Orig","ODP","7",3,"NS_globular","Thermocline","Pangaea"
"Sphaeroidinellopsis kochi","Sphaeroidinellopsis kochi",37,16,16.5893685337139,2.29,115.39,105.30522510898,0.629453097863325,6.46220379316768,8.31136242666569,257.946344086021,5.29276,116.27271,"Macroperforate","Biostratigraphy","Model","Drilling/drill rig (DRILL)","7",3,"NS_globular","Thermocline","Pangaea"
"Sphaeroidinellopsis paenedehiscens","Sphaeroidinellopsis paenedehiscens",52,28,31.1457174638487,1.69,-97.6,180.732213939977,0.873767155837722,6.75434769531461,5.29140513929282,180.233392857143,3.6276,158.4982,"Macroperforate","Biostratigraphy","Orig","ODP","7",3,"NS_globular","Thermocline","Neptune"
"Sphaeroidinellopsis seminulina","Sphaeroidinellopsis seminulina",123,66,68.3386510350968,2.85,30.48,190.127962360383,0.864446874814855,10.0146166420743,8.50265231121844,230.404041349293,5.29276,73.7867,"Macroperforate","Biostratigraphy","Orig","ODP","7",3,"NS_globular","Thermocline","IODP"
"Streptochilus globigerum","Streptochilus globigerum",9,5,2.42424242424242,-1.665,162.639999998985,1.55371625,0.0618016473893321,4.15665095065844,5.75824521647269,158.031875,-0.4973,158.4982,"Microperforate","Community analysis","Zone","Drilling/drill rig (DRILL)","Microperforate",NA,"Microperforate",NA,"Pangaea"
"Streptochilus globulosum","Streptochilus globulosum",1,1,0.45766590389016,4.625,-6.54,24.57005,0.808505746122987,1.83317362737011,3.11932796080547,89.33,5.11573333333333,-5.42958333333335,"Microperforate","Biostratigraphy","Model","Drilling/drill rig (DRILL)","Microperforate",NA,"Microperforate",NA,"IODP"
"Streptochilus latum","Streptochilus latum",2,1,0.959232613908873,1.495,97.4408923310766,2.45135833333333,0.307385692421131,2.19806763285024,8.00647040377825,128.5725,4.26593333333333,115.688016666667,"Microperforate","Biostratigraphy","Interp","Drilling/drill rig (DRILL)","Microperforate",NA,"Microperforate",NA,"IODP"
"Streptochilus martini","Streptochilus martini",4,2,1.25,-30.83,-151.73,161.502971666667,0.773888975163273,7.53511587635871,37.0802465784369,586.4325,-6.673,-175.297,"Microperforate","Community analysis","Model","Drilling/drill rig (DRILL)","Microperforate",NA,"Microperforate",NA,"Pangaea"
"Subbotina angiporoides","Subbotina angiporoides",125,63,68.8387635756057,-50.85,-3.8,395.30359898887,0.615975812082201,17.5066539555955,34.4946138348241,207.753470444072,-42.9137,7.89470000000001,"Macroperforate","Unspecified","Orig","ODP","2",3,"S_globular_spherical","Thermocline","Neptune"
"Subbotina cancellata","Subbotina cancellata",11,4,4.77223427331887,16.69,-167.523333338339,321.739558441558,0.489105192513759,14.8633763419936,61.3974483504472,319.889761904762,32.00216,158.25936,"Macroperforate","Biostratigraphy","Model","Drilling/drill rig (DRILL)","2",3,"S_globular_spherical","Thermocline","Pangaea"
"Subbotina corpulenta","Subbotina corpulenta",52,27,27.7435897435897,36.83,-24.58,152.860195451496,0.483025293047299,11.004233419953,38.9078341322651,250.62405639838,32.002,-35.285,"Macroperforate","Unspecified","Orig","ODP","2",3,"S_globular_spherical","Thermocline","Neptune"
"Subbotina crociapertura","Subbotina crociapertura",35,10,9.90099009900991,24.2,-173.032499989543,102.861873446328,0.453820821278806,7.12562224315479,43.3753499360987,178.211908965554,32.223765,158.25936,"Macroperforate","Biostratigraphy","Model","Drilling/drill rig (DRILL)","2",4,"S_globular_spherical","Sub_thermocline","Pangaea"
"Subbotina eocaena","Subbotina eocaena",106,44,40.7541115122343,-50.865,-13.92,293.698799099724,0.568824505700584,12.1165525353555,41.721981938569,243.077473928988,-35.8458333333333,-8.81033333333333,"Macroperforate","Unspecified","Orig","ODP","2",4,"S_globular_spherical","Sub_thermocline","Pangaea"
"Subbotina gortanii","Subbotina gortanii",51,30,31.2326869806094,1.01,-38.45,327.401677152008,0.941575920737228,8.97376021212717,31.2504218197455,239.85423478462,7.06833333333333,61.371,"Macroperforate","Biostratigraphy","Orig","ODP","2",4,"S_globular_spherical","Sub_thermocline","Pangaea"
"Subbotina hornibrooki","Subbotina hornibrooki",32,21,17.877094972067,46.26,-9.55,228.505009523809,0.893370678123088,3.63344379235723,54.7131403175023,201.01046875,32.2237,82.7878,"Macroperforate","Biostratigraphy","Orig","ODP","2",3,"S_globular_spherical","Thermocline","IODP"
"Subbotina jacksonensis","Subbotina jacksonensis",3,2,1.37857900318134,-50.64,-3.8,470.128223076923,0.688494041398384,9.50215088601925,37.7843098474395,347.196075804881,-47.051,7.8947,"Macroperforate","Selected species","Model","Drilling/drill rig (DRILL)","2",3,"S_globular_spherical","Thermocline","Pangaea"
"Subbotina linaperta","Subbotina linaperta",84,47,49.6266799402688,-50.76,-14.22,244.956727150931,0.517022071606158,13.6633919470638,40.7370379777888,258.117914626529,-30.0041666666667,-5.1297,"Macroperforate","Unspecified","Orig","ODP","2",3,"S_globular_spherical","Thermocline","Neptune"
"Subbotina minima","Subbotina minima",16,8,9.03083700440529,-51.01,-21,57.7856765293882,0.1320136530207,12.7632800390278,37.7290662287294,158.09344295225,-47.051,-26.3688,"Macroperforate","Selected species","Model","Drilling/drill rig (DRILL)",NA,NA,NA,NA,"Pangaea"
"Subbotina patagonica","Subbotina patagonica",44,24,26.1922230374175,-53.715,-13.28,177.054729300035,0.231614600660351,12.191480381164,50.3993782794216,231.99186801261,-50.9464333333333,-30.2781,"Macroperforate","Unspecified","Orig","ODP","2",4,"S_globular_spherical","Sub_thermocline","Neptune"
"Subbotina roesnaesensis","Subbotina roesnaesensis",9,4,3.86904761904762,35.995,-37.185,85.5053509426848,0.273542287081029,18.7339219660739,49.087976521692,224.168461538462,41.29583,-49.16999,"Macroperforate","Unspecified","Orig","ODP","2",3,"S_globular_spherical","Thermocline","Neptune"
"Subbotina senni","Subbotina senni",117,61,69.9266503667482,-50.56,-14.54,218.378380318398,0.388757766440387,14.1179222904346,44.6017099179309,317.689436118614,-11.3368333333333,-30.2781,"Macroperforate","Unspecified","Orig","ODP","2",5,"S_globular_spherical",NA,"Neptune"
"Subbotina triangularis","Subbotina triangularis",68,36,39.9684044233807,-60.16,-8.48,261.259377994228,0.488797635495538,13.2361947152387,58.8517091635258,271.032038340688,-38.96922,1.711,"Macroperforate","Unspecified","Orig","ODP","2",2,"S_globular_spherical","Asymbiotic_SML","Neptune"
"Subbotina triloculinoides","Subbotina triloculinoides",60,39,50.9890109890109,-54.89,-13.27,288.04120020712,0.557981518924719,17.0571865199187,63.1062669010266,330.797047989794,-30.2765,1.62155021802025,"Macroperforate","Biostratigraphy","Orig","ODP","2",3,"S_globular_spherical","Thermocline","Pangaea"
"Subbotina trivialis","Subbotina trivialis",33,20,23.4782608695652,-63.81,68.6,375.960344475309,0.71149246291761,12.8940551248434,64.288535000684,276.253703703704,-54.811,81.2403,"Macroperforate","Biostratigraphy","Orig","ODP","2",3,"S_globular_spherical","Thermocline","Pangaea"
"Subbotina utilisindex","Subbotina utilisindex",35,22,24.7502774694784,-50.595,54.68,349.001321363067,0.65205847608141,12.4586923147325,34.2949640668701,157.990212881702,-35.8458333333333,61.371,"Macroperforate","Unspecified","Orig","ODP","2",4,"S_globular_spherical","Sub_thermocline","Pangaea"
"Subbotina velascoensis","Subbotina velascoensis",88,42,45.8715596330276,21.34,-51.04,101.869410481928,0.670224974716089,11.8341361059477,57.0675513911561,319.32244813278,32.2237,-72.6092,"Macroperforate","Unspecified","Orig","ODP","2",3,"S_globular_spherical","Thermocline","Neptune"
"Subbotina yeguaensis","Subbotina yeguaensis",66,30,31.8831572405221,-50.61,-15.19,183.420167317709,0.523980028620335,11.7220770890457,42.5653182629346,234.49802993727,-23.346,-30.2781,"Macroperforate","Unspecified","Orig","ODP","2",4,"S_globular_spherical","Sub_thermocline","Neptune"
"Tenuitella angustiumbilicata","Tenuitella angustiumbilicata",59,39,42.2044960116026,-4.33,56.85,342.082684213141,0.880320523913062,9.79515176579048,25.9127796546868,280.766273290904,0.3185,61.371,"Microperforate","Unspecified","Orig","ODP","Microperforate",NA,"Microperforate",NA,"Neptune"
"Tenuitella clemenciae","Tenuitella clemenciae",10,4,2.5089605734767,2.14,176.84,298.003532653061,0.413552929047113,4.64426128172872,15.9703589428509,298.753411933688,5.5572,162.8667,"Microperforate","Biostratigraphy","Model","Drilling/drill rig (DRILL)","Microperforate",NA,"Microperforate",NA,"Pangaea"
"Tenuitella gemma","Tenuitella gemma",61,36,37.609841827768,-10.45,56.85,495.589853042855,0.650064713311103,8.47512619681939,30.0077163746923,231.572080849762,-7.5453,61.371,"Microperforate","Unspecified","Orig","ODP","Microperforate",NA,"Microperforate",NA,"Neptune"
"Tenuitella insolita","Tenuitella insolita",22,12,29.7619047619049,-60.06,73.59,48.547675,0.19029383380907,12.6812343988265,35.3195103481848,93.6373939393939,-61.579,76.794,"Microperforate","Unspecified","Orig","ODP","Microperforate",NA,"Microperforate",NA,"Neptune"
"Tenuitella iota","Tenuitella iota",3,2,2.94117647058824,32.29,177.59,269.0291,0.338407142867558,2.96728200161383,0.962205230552191,23.302,32.423,176.9015,"Microperforate","Community analysis","Orig","ODP","Microperforate",NA,"Microperforate",NA,"Neptune"
"Tenuitella minutissima","Tenuitella minutissima",16,7,9.04109589041096,-53.83,162.195,502.364957482517,0.643464713899095,8.65556071346187,18.2070511192453,232.113484848485,-1.7422,147.3015,"Microperforate","Unspecified","Orig","ODP","Microperforate",NA,"Microperforate",NA,"Neptune"
"Tenuitella munda","Tenuitella munda",66,23,19.0992946283234,-50.2,56.9400000027416,465.243962328412,0.501125149797488,11.5901654814181,28.4540935591647,205.70433069311,-47.051,60.5517,"Microperforate","Unspecified","Orig","ODP","Microperforate",NA,"Microperforate",NA,"Neptune"
"Tenuitella parkerae","Tenuitella parkerae",1,1,0.539083557951482,1.07,143.045,0.1058,1.60875643473446e-05,NA,2.39539135474362,53.155,1.87,141.9383,"Microperforate","Unspecified","Orig","ODP","Microperforate",NA,"Microperforate",NA,"Neptune"
"Tenuitella patefacta","Tenuitella patefacta",3,2,2.73972602739726,-50.45,-2.17666677870222,11.0907,0.162284338201297,11.2505183495749,34.6227047667445,125.60303030303,-47.051,7.8947,"Microperforate","Selected species","Model","Drilling/drill rig (DRILL)","Microperforate",NA,"Microperforate",NA,"Pangaea"
"Tenuitella praegemma","Tenuitella praegemma",5,5,2.76243093922652,-57.34,73.48,2.99999999999881e-05,8.52928772054895e-09,2.44087765238605,34.5228368119216,16.638,-58.717,76.4075,"Microperforate","Unspecified","Orig","ODP","Microperforate",NA,"Microperforate",NA,"Neptune"
"Trilobatus bisphericus","Trilobatus bisphericus",49,31,38.1147540983607,2.1,69.04,169.459686839645,0.703025339081349,7.15005916157302,16.46988821681,191.450714285714,5.5572,73.7867,"Macroperforate","Unspecified","Orig","ODP","3",1,"S_globular_spherical","Symbiotic_SML","Neptune"
"Trilobatus immaturus","Trilobatus immaturus",17,8,7.22996515679442,0.82,-117.5,379.327617878788,0.783790271479381,10.4174177262973,12.7801416993789,258.315432098765,2.50780833333333,-133.3302,"Macroperforate","Unspecified","Orig","ODP",NA,NA,NA,NA,"Neptune"
"Trilobatus praeimmaturus","Trilobatus praeimmaturus",3,2,0.699300699300699,-4.425,170.19,0.0186916666666666,0.000122354387588008,NA,17.452572085436,446.41,-1.7422,158.6097,"Macroperforate","Unspecified","Orig","ODP",NA,NA,NA,NA,"Neptune"
"Trilobatus primordius","Trilobatus primordius",50,29,30.3634232121923,37.39,-46.85,236.655335039358,0.640939013162213,13.3515213233822,22.3399133879511,226.296561622191,18.83611,-51.8199918079096,"Macroperforate","Unspecified","Orig","ODP","3",1,"S_globular_spherical","Symbiotic_SML","Neptune"
"Trilobatus quadrilobatus","Trilobatus quadrilobatus",38,22,20.88772845953,0.97,58.08,202.810504119555,0.856437041634641,7.40029777338677,10.2231174813313,228.204769392034,5.06,60.55167,"Macroperforate","Selected species","Model","ODP",NA,NA,NA,NA,"Pangaea"
"Trilobatus sacculifer","Trilobatus sacculifer",95,63,66.1573472041612,2.565,34.61,178.457879937385,0.861609571404041,8.16632486353465,5.54993885524566,194.020687192118,3.6276,115.01200715135,"Macroperforate","Biostratigraphy","Orig","ODP","3",1,"S_globular_spherical","Symbiotic_SML","IODP"
"Trilobatus sicanus","Trilobatus sicanus",71,38,59.5854922279793,1.33,114.3,213.8628866209,0.814547710810529,9.94099394781393,15.5159325904317,238.663086956522,5.0815,115.765808333333,"Macroperforate","Biostratigraphy","Model","ODP","4",1,"S_globular_spherical","Symbiotic_SML","Pangaea"
"Trilobatus subsacculifer","Trilobatus subsacculifer",1,1,0.210970464135021,62.73,-30.24,0.000833333333333475,8.1264993222474e-06,9.63862289101686,16.5369559672438,802.89,63.0928666666667,-38.6389,"Macroperforate","Biostratigraphy","Model","ODP",NA,NA,NA,NA,"IODP"
"Trilobatus trilobus","Trilobatus trilobus",81,56,56.947507719453,3.42,85.91,230.015136419872,0.875120496039618,10.6528777037111,10.8009161713003,258.934556420233,5.678,87.8953333333333,"Macroperforate","Biostratigraphy","Model","ODP","3",1,"S_globular_spherical","Symbiotic_SML","IODP"
"Truncorotalia crassaformis","Truncorotalia crassaformis",101,62,63.6206896551724,27.59,16.54,193.628658024598,0.849616305620166,7.12293857581481,2.51656871701674,110.008440510704,3.5839,17.401035,"Macroperforate","Biostratigraphy","Orig","ODP","15",4,"NS_rotaliform","Sub_thermocline","IODP"
"Truncorotalia crassula","Truncorotalia crassula",26,14,15.1921358355675,-36.93,-170.71,187.847551435989,0.874888264148302,4.8552341013669,2.37414378368184,91.3200936039305,-33.3161883333333,-171.499,"Macroperforate","Biostratigraphy","Orig","ODP","15",4,"NS_rotaliform","Sub_thermocline","IODP"
"Truncorotalia hessi","Truncorotalia hessi",4,4,2.85714285714286,28.61,-13.76,222.608366666667,0.406134348718531,6.45743608148756,1.2903156269932,63.6,23.3637916666666,-13.6543416666667,"Macroperforate","Biostratigraphy","Model","ODP","15",4,"NS_rotaliform","Sub_thermocline","IODP"
"Truncorotalia oceanica","Truncorotalia oceanica",6,2,1.7921146953405,31.955,158.755,135.463351111111,0.381419026199528,4.94514858773341,2.22388556431798,91.133,32.423,157.846,"Macroperforate","Unspecified","Orig","ODP","15",4,"NS_rotaliform","Sub_thermocline","Neptune"
"Truncorotalia ronda","Truncorotalia ronda",9,5,4.65116279069767,23.175,178.79,99.5393917582417,0.727909191954376,8.46343387859643,2.54227557546662,199.465,22.9813333333333,176.9015,"Macroperforate","Unspecified","Model","ODP","15",4,"NS_rotaliform","Sub_thermocline","IODP"
"Truncorotalia tenuitheca","Truncorotalia tenuitheca",4,2,2.38095238095238,-0.43,168.69,178.96463,0.381957552025783,6.52779333955805,2.02188937028739,299.766,-0.516666666666667,167.573,"Macroperforate","Unspecified","Orig","ODP","15",4,"NS_rotaliform","Sub_thermocline","Neptune"
"Truncorotalia tosaensis","Truncorotalia tosaensis",50,25,33.038927052666,-0.05,143.21,170.125397342806,0.682005561573886,7.73116132015069,2.01310128950654,100.68297029703,0.3185,143.2762,"Macroperforate","Biostratigraphy","Model","ODP","15",4,"NS_rotaliform","Sub_thermocline","IODP"
"Truncorotalia truncatulinoides","Truncorotalia truncatulinoides",100,56,70.4047217537943,-0.01,117.32,201.557772608665,0.87345172726693,5.46475272211508,0.92005300142265,67.5332238037254,0.3185,117.418883333333,"Macroperforate","Community analysis","Orig","ODP","15",4,"NS_rotaliform","Sub_thermocline","Pangaea"
"Truncorotalia viola","Truncorotalia viola",4,3,2.85714285714286,31.21,-56.85,57.4413466666667,0.0542377311848458,3.19056677129807,2.98790012900136,248.063333333333,30.966595,-57.61494,"Macroperforate","Community analysis","Orig","Drilling/drill rig (DRILL)","15",4,"NS_rotaliform","Sub_thermocline","Pangaea"
"Turborotalia ampliapertura","Turborotalia ampliapertura",79,37,37.5757575757576,0.255,-37.84,255.957483264499,0.711298436495802,13.8455798734506,33.114021638296,277.366387212216,7.06833333333333,-48.9997310493827,"Macroperforate","Unspecified","Orig","ODP","7",2,"NS_globular","Asymbiotic_SML","Neptune"
"Turborotalia cerroazulensis","Turborotalia cerroazulensis",55,31,33.2432432432432,36.76,-38.45,153.852331421935,0.376802512797229,11.762007417652,37.6443881015548,270.919317180617,29.9923083333333,-48.9997313095238,"Macroperforate","Unspecified","Orig","ODP","15",2,"NS_rotaliform","Asymbiotic_SML","IODP"
"Turborotalia cocoaensis","Turborotalia cocoaensis",17,10,11.1856823266219,31.79,1.41,175.648638408163,0.556154899377823,10.8074472370759,35.9809128159021,228.210487804878,29.9923083333333,9.0467,"Macroperforate","Unspecified","Orig","ODP","12",3,"NS_rotaliform","Thermocline","IODP"
"Turborotalia cunialensis","Turborotalia cunialensis",2,2,5.26315789473681,5.58,-45.07,36.125,0.00987821593748783,5.88235294117647,34.2692778978764,778.52,7.1021,-52.24445,"Macroperforate","Unspecified","Orig","ODP","12",2,"NS_rotaliform","Asymbiotic_SML","Fentonetal2016"
"Turborotalia frontosa","Turborotalia frontosa",71,37,39.9727148703956,36.81,-37.64,118.288922866894,0.488318520695585,10.7639658776519,43.8570971195447,331.473536947514,32.6517,-49.16999,"Macroperforate","Unspecified","Orig","ODP","7",4,"NS_globular","Sub_thermocline","Neptune"
"Turborotalia increbescens","Turborotalia increbescens",31,13,13.7414965986395,-24.26,-26.81,257.287498990099,0.494396486441451,7.87428721833536,33.8274090059943,378.614259711432,4.2042,-35.285,"Macroperforate","Unspecified","Orig","ODP","13",2,"NS_rotaliform","Asymbiotic_SML","Neptune"
"Turborotalia pomeroli","Turborotalia pomeroli",48,26,29.6815286624204,37.17,-40.4,152.857218736126,0.381373444841411,11.2665491855288,39.132720760738,210.478396226415,32.6517,-49.785805,"Macroperforate","Unspecified","Orig","ODP","7",2,"NS_globular","Asymbiotic_SML","Neptune"
"Turborotalia possagnoensis","Turborotalia possagnoensis",13,9,12.1107266435986,-32.88,-23.95,52.5104255462185,0.288647102578848,10.9149311304708,42.0364930206463,558.762068965517,-11.3368333333333,-35.285,"Macroperforate","Unspecified","Orig","ODP","7",2,"NS_globular","Asymbiotic_SML","Neptune"
"Turborotalita carcoselleensis","Turborotalita carcoselleensis",8,3,2.91139240506329,1.4,-35.04,199.750720948617,0.55738223463662,6.09011311644203,39.2881685841797,420.466666666667,4.2042,1.31,"Macroperforate","Unspecified","Orig","ODP","1",2,"S_flat_clavate_planispiral","Asymbiotic_SML","Neptune"
"Turborotalita clarkei","Turborotalita clarkei",2,2,0.516795865633075,10.704,-65.1773333333334,3.20000000000072e-05,1.08308428892201e-09,0.0113729423137761,0.261211447295487,62.5,10.708,-65.1746666666667,"Macroperforate","Biostratigraphy","Interp","ODP","1",2,"S_flat_clavate_planispiral","Asymbiotic_SML","IODP"
"Turborotalita cristata","Turborotalita cristata",3,2,0.884955752212389,-27.085,74.115,0.687891666666667,0.942000419424512,3.93641888733052,4.04801838579826,77.73,-26.1241833333333,74.7802666666667,"Macroperforate","Biostratigraphy","Magneto","ODP","1",2,"S_flat_clavate_planispiral","Asymbiotic_SML","IODP"
"Turborotalita humilis","Turborotalita humilis",4,2,2.28013029315961,0.745,143.29,235.171147985275,0.62286012962207,6.84352833654227,3.61194628218231,95.4939285714286,1.87,141.9383,"Macroperforate","Unspecified","Orig","ODP","1",2,"S_flat_clavate_planispiral","Asymbiotic_SML","Neptune"
"Turborotalita quinqueloba","Turborotalita quinqueloba",122,16,11.5945945945946,39.97,13.1816,304.347317624959,0.801973160582363,8.78583951938007,6.32225684238172,167.486908986445,19.086,13.1816,"Macroperforate","Unspecified","Orig","ODP","1",5,"S_flat_clavate_planispiral",NA,"Neptune"
"Woodringina claytonensis","Woodringina claytonensis",80,42,54.5454545454548,17.36,-156.05,9.55447198795181,0.0803150210344942,12.9646772617014,65.3805935087989,205.53119047619,32.6517,158.5061,"Microperforate","Unspecified","Orig","ODP","Microperforate",NA,"Microperforate",NA,"Neptune"
"Woodringina hornerstownensis","Woodringina hornerstownensis",85,21,20.7509881422925,17.36,-156.04,52.901075952381,0.304533007890044,17.1916860215436,65.0678433013366,226.176857142857,32.6517,158.5061,"Microperforate","Unspecified","Orig","ODP","Microperforate",NA,"Microperforate",NA,"Neptune"
"Zeauvigerina waiparaensis","Zeauvigerina waiparaensis",21,6,3.24528301886792,27.68,-68.56,398.547259911406,0.907198414219238,16.257970662416,64.2123940450463,242.863255813953,23.4898333333333,158.5061,"Microperforate","Biostratigraphy","Orig","ODP","Microperforate",NA,"Microperforate",NA,"IODP"
